state,account length,area code,international plan,voice mail plan,number vmail messages,total day minutes,total day calls,total day charge,total eve minutes,total eve calls,total eve charge,total night minutes,total night calls,total night charge,total intl minutes,total intl calls,total intl charge,customer service calls
50,113,510,0,0,0,155.0,93,26.35,330.6,106,28.1,189.4,123,8.52,13.5,3,3.65,1
14,67,415,0,0,0,109.1,117,18.55,217.4,124,18.48,188.4,141,8.48,12.8,6,3.46,0
41,98,415,0,0,0,0.0,0,0.0,159.6,130,13.57,167.1,88,7.52,6.8,1,1.84,4
17,147,408,0,0,0,212.8,79,36.18,204.1,91,17.35,156.2,113,7.03,10.2,2,2.75,1
50,96,408,0,0,0,144.0,102,24.48,224.7,73,19.1,227.7,91,10.25,10.0,7,2.7,1
7,119,408,0,1,26,132.0,100,22.44,173.3,121,14.73,203.5,108,9.16,11.6,5,3.13,1
2,116,510,0,0,0,160.7,69,27.32,146.8,106,12.48,287.8,144,12.95,8.2,5,2.21,0
50,114,415,0,1,32,125.2,79,21.28,177.8,105,15.11,232.4,89,10.46,12.9,3,3.48,1
25,130,510,0,0,0,203.9,63,34.66,191.8,93,16.3,132.5,125,5.96,12.1,4,3.27,3
50,78,415,0,0,0,147.1,80,25.01,199.7,100,16.97,160.7,106,7.23,13.7,7,3.7,0
32,182,415,0,0,0,69.1,114,11.75,230.3,109,19.58,256.7,96,11.55,6.5,4,1.76,0
16,43,415,0,0,0,27.0,117,4.59,160.9,97,13.68,279.5,96,12.58,10.7,3,2.89,3
43,152,415,0,0,0,141.5,102,24.06,263.0,94,22.36,207.1,113,9.32,3.4,4,0.92,2
33,115,415,0,0,0,286.4,125,48.69,205.7,74,17.48,191.4,141,8.61,6.9,6,1.86,1
13,122,510,0,1,33,270.8,96,46.04,220.4,110,18.73,169.9,104,7.65,11.8,8,3.19,4
38,69,415,0,0,0,228.2,70,38.79,263.7,80,22.41,142.6,60,6.42,10.7,5,2.89,3
37,12,415,0,0,0,204.6,98,34.78,212.5,90,18.06,182.1,95,8.19,9.8,7,2.65,2
31,24,408,0,0,0,265.6,86,45.15,208.8,102,17.75,182.5,105,8.21,11.1,6,3.0,2
5,68,408,0,0,0,237.1,105,40.31,223.5,105,19.0,97.4,79,4.38,13.2,2,3.56,1
11,104,408,0,0,0,170.6,97,29.0,162.1,111,13.78,210.7,131,9.48,6.1,1,1.65,1
50,33,415,0,0,0,213.9,88,36.36,239.8,119,20.38,148.7,71,6.69,9.8,14,2.65,2
9,31,510,0,0,0,165.4,84,28.12,203.7,107,17.31,201.7,65,9.08,8.2,1,2.21,1
49,154,408,0,1,35,64.9,76,11.03,184.1,91,15.65,151.6,75,6.82,14.6,1,3.94,1
49,48,408,0,0,0,275.2,67,46.78,180.2,108,15.32,159.0,110,7.15,7.9,2,2.13,1
33,93,408,0,0,0,114.3,100,19.43,221.1,103,18.79,126.3,88,5.68,10.9,9,2.94,0
29,86,510,0,1,29,157.2,118,26.72,196.3,136,16.69,226.7,109,10.2,8.4,5,2.27,3
28,101,415,0,1,28,105.9,132,18.0,231.7,107,19.69,281.3,120,12.66,10.7,5,2.89,1
6,50,408,0,0,0,301.7,82,51.29,167.1,118,14.2,72.2,89,3.25,10.5,6,2.84,1
10,74,510,0,1,31,249.4,70,42.4,209.5,59,17.81,180.6,75,8.13,9.9,2,2.67,4
37,165,415,0,0,0,216.6,126,36.82,190.8,104,16.22,224.7,123,10.11,12.4,8,3.35,0
31,92,510,0,1,29,155.4,110,26.42,188.5,104,16.02,254.9,118,11.47,8.0,4,2.16,3
15,60,408,0,0,0,220.6,57,37.5,211.1,115,17.94,249.0,129,11.21,6.8,3,1.84,1
9,58,510,0,0,0,234.8,89,39.92,106.8,131,9.08,178.5,122,8.03,9.9,6,2.67,0
11,105,510,0,0,0,125.4,116,21.32,261.5,95,22.23,241.6,104,10.87,11.4,9,3.08,2
2,163,408,0,0,0,197.0,109,33.49,202.6,128,17.22,206.4,80,9.29,9.1,10,2.46,1
10,189,408,0,0,0,227.4,84,38.66,176.0,81,14.96,206.1,120,9.27,6.3,4,1.7,2
30,148,408,0,0,0,17.6,121,2.99,161.7,125,13.74,203.1,82,9.14,10.6,6,2.86,1
36,93,415,0,1,32,116.9,120,19.87,232.4,97,19.75,127.7,112,5.75,11.0,9,2.97,0
13,78,415,0,0,0,103.5,115,17.6,117.9,102,10.02,201.0,94,9.05,12.0,3,3.24,4
41,209,415,0,0,0,227.2,128,38.62,258.4,92,21.96,183.5,74,8.26,8.9,4,2.4,3
45,104,408,0,0,0,138.7,107,23.58,256.9,113,21.84,234.9,74,10.57,10.0,3,2.7,0
9,116,415,0,1,17,193.4,112,32.88,240.6,131,20.45,248.1,98,11.16,11.4,3,3.08,5
46,142,415,0,0,0,232.5,74,39.53,181.8,142,15.45,203.1,86,9.14,10.4,6,2.81,4
17,111,415,0,0,0,255.9,97,43.5,204.1,129,17.35,171.3,84,7.71,12.3,5,3.32,3
47,63,408,0,0,0,211.7,107,35.99,271.7,77,23.09,203.3,108,9.15,7.4,7,2.0,0
35,94,415,0,0,0,181.3,135,30.82,182.4,108,15.5,180.6,103,8.13,6.7,2,1.81,0
6,93,415,0,0,0,271.1,101,46.09,237.4,133,20.18,145.4,103,6.54,8.4,6,2.27,1
47,174,408,0,1,33,167.8,91,28.53,205.3,91,17.45,130.0,132,5.85,14.5,4,3.92,4
47,47,415,0,1,27,165.0,89,28.05,127.3,118,10.82,284.4,95,12.8,7.7,4,2.08,2
14,76,510,0,0,0,186.1,96,31.64,211.6,100,17.99,230.6,100,10.38,8.0,4,2.16,0
16,132,415,0,0,0,83.4,110,14.18,232.2,137,19.74,146.7,114,6.6,7.6,5,2.05,1
19,98,510,0,0,0,271.4,119,46.14,190.4,102,16.18,284.7,118,12.81,11.1,6,3.0,4
14,142,415,0,0,0,84.8,95,14.42,136.7,63,11.62,250.5,148,11.27,14.2,6,3.83,2
15,96,415,0,1,23,183.1,88,31.13,147.4,89,12.53,350.2,108,15.76,11.3,7,3.05,1
42,99,408,0,0,0,54.8,92,9.32,173.0,103,14.71,195.1,125,8.78,7.5,3,2.03,1
34,168,408,0,0,0,163.4,134,27.78,240.1,87,20.41,164.0,147,7.38,11.6,2,3.13,2
25,103,415,0,0,0,129.3,103,21.98,202.8,89,17.24,233.0,126,10.49,12.9,2,3.48,2
43,114,415,0,0,0,84.7,118,14.4,249.9,86,21.24,193.4,95,8.7,14.5,8,3.92,1
7,147,408,0,0,0,168.6,92,28.66,187.7,107,15.95,216.5,95,9.74,14.4,8,3.89,2
33,113,415,0,1,23,205.0,101,34.85,152.0,60,12.92,158.6,59,7.14,10.2,5,2.75,2
3,92,415,1,1,45,281.1,88,47.79,198.0,103,16.83,94.3,76,4.24,7.5,3,2.03,0
12,152,415,0,0,0,206.3,98,35.07,292.8,82,24.89,43.7,121,1.97,10.6,4,2.86,1
49,86,415,0,1,38,123.0,158,20.91,133.9,119,11.38,138.2,103,6.22,13.3,4,3.59,1
27,73,415,0,1,31,194.4,104,33.05,176.0,84,14.96,230.1,110,10.35,11.5,3,3.11,0
0,71,510,0,0,0,185.0,84,31.45,232.5,129,19.76,191.1,82,8.6,14.9,4,4.02,3
31,138,408,0,0,0,241.8,93,41.11,170.5,83,14.49,295.3,104,13.29,11.8,7,3.19,3
47,184,408,0,0,0,151.7,93,25.79,178.5,77,15.17,229.1,111,10.31,13.1,8,3.54,2
16,164,510,0,1,30,238.8,100,40.6,230.0,121,19.55,206.3,66,9.28,13.2,8,3.56,1
47,60,415,1,0,0,205.9,97,35.0,277.4,117,23.58,202.0,139,9.09,11.0,2,2.97,0
15,100,510,0,0,0,247.8,117,42.13,130.0,95,11.05,134.3,125,6.04,6.9,2,1.86,1
29,126,415,0,0,0,249.8,96,42.47,261.9,92,22.26,166.8,108,7.51,12.7,4,3.43,3
45,121,415,0,0,0,134.1,112,22.8,195.1,104,16.58,159.6,139,7.18,10.5,2,2.84,2
27,27,408,0,0,0,201.2,128,34.2,227.2,100,19.31,145.8,91,6.56,8.4,3,2.27,2
26,54,415,0,0,0,272.6,83,46.34,248.7,74,21.14,197.4,111,8.88,9.5,2,2.57,1
18,172,408,0,0,0,212.0,121,36.04,31.2,115,2.65,293.3,78,13.2,12.6,10,3.4,3
16,57,415,0,1,37,201.2,76,34.2,280.1,122,23.81,154.2,110,6.94,11.8,1,3.19,1
34,125,415,0,0,0,233.3,65,39.66,209.8,93,17.83,210.6,109,9.48,9.1,4,2.46,1
15,7,415,0,0,0,206.7,87,35.14,281.1,83,23.89,158.5,77,7.13,11.0,5,2.97,3
27,77,408,1,1,44,103.2,117,17.54,236.3,86,20.09,203.5,101,9.16,11.9,2,3.21,0
17,45,415,0,1,22,196.6,84,33.42,313.2,92,26.62,163.3,108,7.35,11.9,3,3.21,0
50,109,415,0,0,0,137.0,128,23.29,217.0,116,18.45,182.1,86,8.19,10.0,5,2.7,2
7,141,415,0,1,37,185.4,87,31.52,178.5,128,15.17,218.3,107,9.82,8.0,3,2.16,4
1,72,415,0,0,0,217.8,93,37.03,189.7,113,16.12,182.6,91,8.22,10.4,5,2.81,4
45,90,415,0,0,0,102.0,118,17.34,113.3,134,9.63,188.6,105,8.49,11.4,3,3.08,2
49,84,408,0,0,0,86.0,83,14.62,260.7,86,22.16,98.6,109,4.44,8.9,4,2.4,1
25,107,510,0,1,30,198.9,87,33.81,207.0,90,17.6,159.8,76,7.19,12.6,4,3.4,3
49,129,415,0,0,0,159.1,100,27.05,202.5,90,17.21,233.1,96,10.49,11.5,6,3.11,2
42,108,408,0,1,15,165.1,85,28.07,267.0,93,22.7,250.7,114,11.28,10.9,4,2.94,1
22,120,415,0,0,0,150.6,85,25.6,119.0,128,10.12,232.9,123,10.48,6.4,2,1.73,1
25,123,415,1,0,0,125.5,106,21.34,128.9,96,10.96,251.9,129,11.34,6.3,6,1.7,4
45,10,408,0,0,0,186.1,112,31.64,190.2,66,16.17,282.8,57,12.73,11.4,6,3.08,2
21,80,408,0,0,0,322.3,113,54.79,222.0,95,18.87,162.8,123,7.33,6.7,8,1.81,0
36,89,510,0,0,0,303.9,95,51.66,260.9,114,22.18,312.1,89,14.04,5.3,3,1.43,1
0,61,415,0,1,15,252.4,106,42.91,187.8,69,15.96,259.6,137,11.68,10.0,3,2.7,2
46,93,510,0,0,0,190.7,114,32.42,218.2,111,18.55,129.6,121,5.83,8.1,3,2.19,3
46,159,415,0,0,0,275.8,103,46.89,189.5,108,16.11,223.9,93,10.08,7.4,5,2.0,2
25,124,415,0,0,0,251.5,85,42.76,214.2,98,18.21,186.1,71,8.37,11.1,6,3.0,3
13,99,408,0,0,0,190.4,102,32.37,158.1,107,13.44,271.5,92,12.22,11.2,4,3.02,2
45,117,408,0,0,0,97.1,98,16.51,228.0,131,19.38,240.0,111,10.8,10.6,3,2.86,1
37,159,510,0,0,0,114.8,98,19.52,192.6,101,16.37,259.0,108,11.66,12.2,5,3.29,0
32,141,415,0,0,0,160.1,87,27.22,256.7,120,21.82,270.0,107,12.15,7.0,1,1.89,2
42,1,415,0,0,0,196.1,107,33.34,296.5,82,25.2,211.5,91,9.52,7.0,2,1.89,1
37,98,415,1,0,0,12.5,67,2.13,256.6,90,21.81,169.4,88,7.62,7.7,9,2.08,1
30,19,408,0,0,0,186.1,98,31.64,254.3,57,21.62,214.0,127,9.63,14.6,7,3.94,2
9,116,408,0,0,0,146.4,123,24.89,176.6,113,15.01,212.6,102,9.57,7.8,5,2.11,1
36,118,408,0,1,23,289.5,52,49.22,166.6,111,14.16,119.1,88,5.36,9.5,4,2.57,1
1,85,408,0,0,0,127.9,107,21.74,271.2,124,23.05,202.2,76,9.1,12.5,5,3.38,0
22,97,408,0,1,32,168.4,129,28.63,225.9,97,19.2,191.8,95,8.63,8.5,7,2.3,0
31,107,408,0,1,36,96.3,83,16.37,179.6,91,15.27,166.3,121,7.48,10.3,2,2.78,1
10,160,415,0,1,29,164.6,121,27.98,262.8,108,22.34,123.8,131,5.57,15.2,4,4.1,1
46,73,415,0,0,0,217.8,91,37.03,220.6,97,18.75,277.3,89,12.48,10.3,6,2.78,1
13,56,510,0,0,0,150.9,79,25.65,161.8,87,13.75,167.7,115,7.55,11.7,5,3.16,3
21,113,415,0,0,0,215.5,129,36.64,218.7,117,18.59,207.1,91,9.32,6.6,9,1.78,4
28,110,408,0,0,0,196.1,103,33.34,199.7,123,16.97,135.9,71,6.12,12.9,1,3.48,3
16,67,510,0,0,0,129.0,78,21.93,188.0,116,15.98,235.0,102,10.58,11.2,3,3.02,2
49,127,510,0,0,0,224.3,112,38.13,185.7,103,15.78,159.4,83,7.17,10.0,1,2.7,2
49,144,415,0,0,0,201.1,99,34.19,303.5,74,25.8,224.0,119,10.08,13.2,2,3.56,1
2,109,510,0,0,0,170.7,101,29.02,240.2,82,20.42,119.0,112,5.36,11.4,4,3.08,2
19,111,415,0,0,0,284.4,89,48.35,157.0,113,13.35,242.8,91,10.93,8.4,8,2.27,0
21,78,415,0,0,0,252.9,93,42.99,178.4,112,15.16,263.9,105,11.88,9.5,7,2.57,3
13,128,408,0,0,0,125.2,99,21.28,205.4,107,17.46,254.4,111,11.45,18.9,2,5.1,0
28,177,408,0,0,0,189.5,99,32.22,176.3,117,14.99,225.9,112,10.17,14.2,2,3.83,1
36,46,415,0,0,0,164.2,116,27.91,196.2,153,16.68,236.1,119,10.62,8.1,1,2.19,1
47,48,510,0,0,0,149.2,146,25.36,161.9,109,13.76,197.9,109,8.91,8.3,2,2.24,3
48,111,415,0,0,0,246.5,108,41.91,216.3,89,18.39,179.6,99,8.08,12.7,3,3.43,2
46,48,415,0,0,0,197.7,64,33.61,136.7,126,11.62,244.4,81,11.0,13.2,5,3.56,4
38,119,408,0,0,0,260.1,101,44.22,256.5,68,21.8,229.1,89,10.31,10.0,2,2.7,1
47,76,510,1,0,0,246.8,110,41.96,206.3,63,17.54,208.4,123,9.38,13.2,5,3.56,0
5,90,408,0,1,30,183.8,76,31.25,229.7,95,19.52,144.1,124,6.48,7.7,3,2.08,1
30,97,408,0,1,32,90.0,87,15.3,276.3,113,23.49,185.2,107,8.33,8.6,6,2.32,2
0,52,510,0,0,0,148.3,83,25.21,181.6,79,15.44,155.6,104,7.0,8.3,6,2.24,3
18,179,408,0,0,0,219.2,92,37.26,149.4,125,12.7,244.7,104,11.01,6.1,5,1.65,0
38,96,510,0,0,0,179.5,125,30.52,162.3,139,13.8,264.5,133,11.9,6.6,2,1.78,1
1,83,408,0,0,0,202.3,87,34.39,201.5,111,17.13,101.7,82,4.58,6.8,4,1.84,0
41,105,415,0,0,0,251.6,88,42.77,175.1,103,14.88,184.4,112,8.3,5.4,5,1.46,1
34,61,415,0,0,0,197.7,118,33.61,152.2,96,12.94,221.0,93,9.95,7.0,3,1.89,2
31,125,415,0,0,0,182.3,64,30.99,139.8,121,11.88,171.6,96,7.72,11.6,7,3.13,2
7,108,510,0,0,0,138.6,122,23.56,172.3,117,14.65,231.6,92,10.42,9.8,3,2.65,1
50,215,510,0,0,0,83.6,148,14.21,120.9,91,10.28,226.6,110,10.2,10.7,9,2.89,0
7,108,408,0,1,35,215.9,106,36.7,200.6,107,17.05,195.4,107,8.79,15.5,7,4.19,0
29,132,510,0,0,0,99.5,110,16.92,129.1,80,10.97,125.1,124,5.63,9.7,3,2.62,0
19,51,415,0,0,0,183.1,99,31.13,160.1,107,13.61,311.8,121,14.03,7.0,3,1.89,1
49,112,415,1,0,0,161.9,138,27.52,200.9,114,17.08,134.0,134,6.03,10.7,4,2.89,1
39,104,408,1,0,0,160.4,73,27.27,293.9,103,24.98,306.6,90,13.8,12.6,5,3.4,4
22,105,510,0,0,0,140.6,109,23.9,178.6,51,15.18,217.0,83,9.76,6.8,3,1.84,2
20,88,415,1,0,0,235.1,98,39.97,251.8,79,21.4,285.9,76,12.87,7.2,2,1.94,4
1,85,415,0,0,0,210.3,66,35.75,195.8,76,16.64,221.6,82,9.97,11.2,7,3.02,1
13,101,510,0,1,17,193.9,71,32.96,189.8,81,16.13,196.3,97,8.83,12.6,7,3.4,0
25,64,408,1,0,0,236.2,77,40.15,218.6,85,18.58,194.1,97,8.73,13.2,2,3.56,2
28,104,415,0,0,0,118.5,92,20.15,177.8,109,15.11,255.7,98,11.51,12.1,4,3.27,1
23,113,408,0,0,0,158.9,137,27.01,242.8,109,20.64,247.8,97,11.15,6.5,4,1.76,0
13,144,415,0,1,33,251.6,87,42.77,197.6,118,16.8,209.2,97,9.41,12.2,3,3.29,2
29,86,408,0,0,0,83.8,121,14.25,240.2,96,20.42,158.6,108,7.14,6.7,8,1.81,1
31,138,510,0,0,0,220.2,89,37.43,88.3,125,7.51,195.3,79,8.79,12.9,5,3.48,0
34,181,415,1,0,0,161.3,83,27.42,124.4,83,10.57,262.0,98,11.79,14.1,3,3.81,0
22,112,510,0,0,0,243.4,77,41.38,182.1,97,15.48,259.2,94,11.66,12.8,2,3.46,1
46,135,415,0,0,0,151.7,82,25.79,119.0,105,10.12,180.0,100,8.1,10.5,6,2.84,0
9,161,415,1,0,0,156.1,114,26.54,180.3,63,15.33,179.6,115,8.08,11.1,9,3.0,2
34,44,510,0,0,0,143.2,77,24.34,169.8,114,14.43,215.8,77,9.71,7.6,4,2.05,1
24,85,415,0,0,0,126.1,112,21.44,274.7,126,23.35,184.4,95,8.3,9.8,4,2.65,1
27,149,510,0,0,0,207.3,115,35.24,198.4,82,16.86,114.1,83,5.13,8.6,4,2.32,1
31,135,510,0,1,28,201.4,100,34.24,246.5,117,20.95,154.8,131,6.97,12.9,4,3.48,2
9,90,415,0,1,24,71.2,82,12.1,181.6,103,15.44,186.9,111,8.41,12.9,1,3.48,1
6,184,510,1,0,0,213.8,105,36.35,159.6,84,13.57,139.2,137,6.26,5.0,10,1.35,2
32,153,408,0,0,0,185.3,127,31.5,208.0,73,17.68,206.1,124,9.27,15.1,3,4.08,1
22,83,510,0,1,26,226.4,117,38.49,234.7,97,19.95,133.6,82,6.01,10.8,7,2.92,1
48,64,510,0,0,0,154.0,67,26.18,225.8,118,19.19,265.3,86,11.94,3.5,3,0.95,1
45,118,408,0,0,0,189.3,119,32.18,233.5,112,19.85,270.9,104,12.19,10.0,1,2.7,2
7,148,415,0,1,11,252.9,129,42.99,284.3,88,24.17,262.8,99,11.83,12.3,1,3.32,1
7,82,415,0,0,0,300.3,109,51.05,181.0,100,15.39,270.1,73,12.15,11.7,4,3.16,0
23,135,408,0,0,0,155.2,100,26.38,135.9,84,11.55,184.6,82,8.31,3.8,9,1.03,3
49,11,510,0,1,38,209.8,130,35.67,196.6,84,16.71,233.0,79,10.49,7.0,7,1.89,1
39,83,415,0,1,20,95.0,89,16.15,167.9,92,14.27,200.6,79,9.03,11.2,2,3.02,0
14,130,415,0,0,0,155.9,95,26.5,256.1,97,21.77,262.9,103,11.83,11.7,3,3.16,3
35,75,510,0,1,46,214.1,62,36.4,200.9,111,17.08,246.8,126,11.11,9.2,6,2.48,0
1,73,415,0,0,0,192.2,86,32.67,168.6,116,14.33,139.8,87,6.29,9.4,6,2.54,1
50,107,510,0,1,31,160.3,45,27.25,221.5,70,18.83,261.6,109,11.77,5.6,1,1.51,1
39,85,415,1,0,0,197.2,97,33.52,211.7,115,17.99,210.1,133,9.45,8.3,4,2.24,4
31,182,415,0,0,0,279.1,124,47.45,180.5,108,15.34,217.5,104,9.79,9.5,11,2.57,2
16,46,510,0,0,0,250.3,100,42.55,260.6,90,22.15,195.0,104,8.78,13.3,2,3.59,2
5,85,510,0,1,21,283.2,110,48.14,239.7,108,20.37,149.5,80,6.73,6.3,1,1.7,5
0,58,510,0,0,0,131.9,96,22.42,167.6,107,14.25,205.9,106,9.27,14.7,5,3.97,3
15,166,510,0,0,0,204.2,115,34.71,179.9,152,15.29,216.8,109,9.76,9.5,5,2.57,1
26,185,408,0,1,29,151.1,121,25.69,244.7,88,20.8,154.4,91,6.95,13.8,2,3.73,2
34,86,510,0,0,0,70.7,125,12.02,211.0,113,17.94,174.6,107,7.86,0.0,0,0.0,2
25,130,510,0,1,26,257.2,108,43.72,224.3,122,19.07,204.0,118,9.18,12.6,4,3.4,1
49,113,415,0,0,0,61.2,111,10.4,92.3,88,7.85,197.4,114,8.88,13.7,3,3.7,5
30,35,408,0,0,0,138.1,115,23.48,158.2,82,13.45,215.7,118,9.71,10.3,2,2.78,5
25,101,408,0,0,0,239.0,156,40.63,273.0,106,23.21,278.2,93,12.52,13.5,8,3.65,1
49,173,415,0,0,0,191.4,114,32.54,168.5,138,14.32,109.3,99,4.92,10.3,3,2.78,1
34,91,415,0,1,20,146.1,98,24.84,277.4,104,23.58,137.7,100,6.2,6.2,3,1.67,1
15,96,415,0,1,45,248.8,124,42.3,140.3,77,11.93,263.6,102,11.86,10.3,2,2.78,3
29,31,415,0,0,0,97.5,129,16.58,260.4,78,22.13,88.7,100,3.99,7.0,5,1.89,1
28,180,415,0,0,0,224.9,105,38.23,250.0,101,21.25,216.1,73,9.72,6.7,5,1.81,3
44,36,415,0,1,16,149.4,111,25.4,131.8,113,11.2,132.7,87,5.97,6.7,2,1.81,0
6,48,415,0,0,0,171.9,98,29.22,159.0,127,13.52,139.5,101,6.28,7.6,3,2.05,2
48,142,408,0,1,24,239.8,103,40.77,285.9,65,24.3,256.7,106,11.55,9.5,4,2.57,0
8,85,510,0,0,0,211.5,100,35.96,184.6,88,15.69,164.3,131,7.39,13.3,4,3.59,2
25,103,510,0,1,29,164.1,111,27.9,219.1,96,18.62,220.3,108,9.91,12.3,9,3.32,0
37,69,415,0,0,0,167.5,76,28.48,242.1,92,20.58,101.2,103,4.55,11.4,4,3.08,2
38,91,510,0,0,0,231.8,120,39.41,150.6,106,12.8,269.2,129,12.11,11.6,7,3.13,3
24,106,415,0,0,0,114.4,104,19.45,78.3,101,6.66,232.7,78,10.47,0.0,0,0.0,2
43,112,415,0,0,0,214.8,112,36.52,209.7,104,17.82,164.4,97,7.4,9.4,5,2.54,3
2,185,415,0,1,19,157.3,123,26.74,257.7,94,21.9,190.4,107,8.57,9.6,6,2.59,0
44,133,408,0,1,44,174.0,80,29.58,209.4,113,17.8,224.1,87,10.08,14.1,7,3.81,2
1,8,415,0,1,36,242.9,67,41.29,170.9,59,14.53,177.3,130,7.98,4.8,12,1.3,1
42,176,415,0,1,23,283.2,130,48.14,162.6,74,13.82,177.7,104,8.0,7.2,6,1.94,1
35,83,415,0,1,25,191.3,95,32.52,250.7,136,21.31,249.4,86,11.22,17.6,5,4.75,2
20,79,510,0,1,31,103.1,90,17.53,243.0,135,20.66,76.4,92,3.44,12.2,8,3.29,3
2,153,408,0,0,0,154.6,56,26.28,263.0,84,22.36,367.7,89,16.55,15.5,2,4.19,1
21,100,510,0,1,30,58.8,104,10.0,219.5,107,18.66,152.3,118,6.85,7.1,3,1.92,0
37,76,415,0,0,0,169.5,77,28.82,124.0,87,10.54,219.4,92,9.87,10.0,3,2.7,0
43,58,408,0,1,20,194.5,110,33.07,213.7,89,18.16,236.6,92,10.65,9.5,2,2.57,1
23,94,415,0,0,0,181.5,98,30.86,199.9,88,16.99,287.7,114,12.95,6.6,5,1.78,1
23,123,408,0,0,0,236.2,135,40.15,273.9,88,23.28,227.0,77,10.22,10.1,6,2.73,2
37,48,415,0,0,0,190.4,92,32.37,317.5,85,26.99,133.4,113,6.0,8.3,4,2.24,2
25,143,510,0,0,0,155.4,112,26.42,290.9,92,24.73,228.4,91,10.28,13.9,5,3.75,1
43,70,415,0,0,0,232.8,95,39.58,303.4,111,25.79,255.6,104,11.5,12.9,7,3.48,0
45,170,510,1,0,0,259.9,68,44.18,245.0,122,20.83,134.4,121,6.05,8.4,3,2.27,3
17,80,408,0,0,0,209.9,74,35.68,195.1,77,16.58,208.2,119,9.37,8.8,4,2.38,2
43,90,408,0,1,27,156.7,51,26.64,236.5,118,20.1,123.2,111,5.54,12.6,6,3.4,2
12,129,415,0,0,0,216.0,85,36.72,186.9,114,15.89,210.7,109,9.48,4.9,10,1.32,2
44,170,415,0,0,0,285.7,44,48.57,167.5,144,14.24,260.0,97,11.7,8.7,4,2.35,1
22,108,408,0,1,32,209.5,108,35.62,109.6,64,9.32,189.7,145,8.54,9.1,6,2.46,6
50,57,408,0,1,39,213.0,115,36.21,191.1,112,16.24,182.7,115,8.22,9.5,3,2.57,0
44,116,415,0,1,44,230.6,94,39.2,224.1,103,19.05,244.0,76,10.98,11.1,2,3.0,0
34,119,415,0,0,0,133.4,102,22.68,204.6,71,17.39,196.9,103,8.86,11.1,7,3.0,1
24,135,510,0,0,0,246.8,129,41.96,187.8,121,15.96,154.5,109,6.95,12.6,5,3.4,1
6,22,408,0,0,0,207.7,116,35.31,210.6,99,17.9,238.2,88,10.72,9.6,5,2.59,0
46,117,408,1,0,0,167.1,86,28.41,177.5,87,15.09,249.4,132,11.22,14.1,7,3.81,2
16,119,415,0,0,0,231.5,82,39.36,266.9,97,22.69,211.0,118,9.49,7.4,10,2.0,1
35,65,408,0,0,0,187.9,116,31.94,157.6,117,13.4,227.3,86,10.23,7.5,6,2.03,1
10,135,415,0,1,22,197.1,113,33.51,259.4,95,22.05,134.7,135,6.06,14.6,5,3.94,2
8,183,415,0,1,8,86.5,119,14.71,285.2,97,24.24,180.4,133,8.12,8.7,2,2.35,2
41,78,415,0,1,25,197.4,73,33.56,295.7,113,25.13,211.7,73,9.53,13.2,2,3.56,0
29,127,510,1,0,0,180.9,114,30.75,209.5,118,17.81,249.9,105,11.25,7.4,4,2.0,2
29,99,415,0,0,0,200.0,66,34.0,107.9,104,9.17,233.7,82,10.52,11.4,2,3.08,3
39,115,408,0,0,0,147.9,109,25.14,228.4,117,19.41,299.7,90,13.49,9.6,9,2.59,3
44,118,415,0,1,24,118.1,83,20.08,109.6,72,9.32,245.5,73,11.05,16.9,2,4.56,1
21,112,415,0,0,0,185.4,114,31.52,191.4,119,16.27,144.0,78,6.48,10.0,11,2.7,2
28,160,510,0,0,0,121.8,97,20.71,89.3,97,7.59,150.7,92,6.78,10.3,5,2.78,1
3,140,408,0,0,0,149.8,134,25.47,164.4,98,13.97,294.7,124,13.26,8.1,2,2.19,1
24,83,415,0,1,30,272.5,105,46.33,253.0,83,21.51,180.8,123,8.14,8.7,6,2.35,3
22,225,415,0,0,0,165.4,106,28.12,273.7,109,23.26,210.0,93,9.45,8.7,3,2.35,0
9,120,415,0,1,31,153.5,83,26.1,219.1,96,18.62,237.4,76,10.68,11.4,4,3.08,0
45,113,415,0,1,23,149.0,104,25.33,235.8,67,20.04,201.8,76,9.08,9.5,5,2.57,4
26,63,415,0,1,33,184.2,111,31.31,312.6,89,26.57,264.0,55,11.88,12.2,4,3.29,1
33,86,510,0,0,0,141.3,72,24.02,154.3,95,13.12,210.6,91,9.48,8.2,5,2.21,1
35,136,415,0,1,31,143.1,88,24.33,236.6,65,20.11,227.8,120,10.25,11.4,5,3.08,2
46,107,510,0,1,28,201.8,79,34.31,304.9,128,25.92,225.6,133,10.15,11.9,8,3.21,1
15,131,408,0,0,0,240.9,108,40.95,167.4,91,14.23,322.2,109,14.5,14.7,8,3.97,3
40,99,510,1,1,39,126.8,94,21.56,293.6,115,24.96,174.1,91,7.83,8.4,4,2.27,0
40,93,415,0,0,0,190.2,68,32.33,262.2,64,22.29,130.0,92,5.85,8.8,4,2.38,0
49,90,415,0,0,0,205.7,138,34.97,161.9,83,13.76,269.7,104,12.14,12.5,6,3.38,2
34,112,415,0,0,0,174.3,123,29.63,140.2,124,11.92,215.4,89,9.69,9.0,6,2.43,4
16,116,510,0,0,0,189.5,90,32.22,189.8,118,16.13,205.8,83,9.26,13.1,2,3.54,1
2,116,408,0,0,0,173.5,93,29.5,194.1,76,16.5,208.0,112,9.36,16.2,10,4.37,3
9,106,415,0,1,31,197.4,125,33.56,123.4,110,10.49,115.6,101,5.2,12.3,4,3.32,3
43,169,408,0,0,0,266.7,105,45.34,158.2,88,13.45,287.7,111,12.95,13.8,3,3.73,3
46,111,408,0,0,0,99.3,112,16.88,270.5,136,22.99,225.3,94,10.14,9.0,6,2.43,3
33,160,415,0,0,0,176.2,90,29.95,196.0,115,16.66,263.9,95,11.88,9.2,4,2.48,1
34,115,510,0,1,16,133.3,110,22.66,185.7,111,15.78,161.5,113,7.27,5.6,4,1.51,2
10,112,415,0,1,22,181.8,110,30.91,228.1,123,19.39,262.7,141,11.82,9.2,4,2.48,2
20,62,408,0,0,0,321.1,105,54.59,265.5,122,22.57,180.5,72,8.12,11.5,2,3.11,4
12,62,415,0,0,0,120.7,70,20.52,307.2,76,26.11,203.0,99,9.14,13.1,6,3.54,4
32,55,415,0,0,0,132.0,103,22.44,279.6,114,23.77,180.0,74,8.1,13.5,4,3.65,0
37,65,415,0,0,0,116.8,87,19.86,178.9,93,15.21,182.4,150,8.21,14.1,2,3.81,1
22,119,510,1,1,22,172.1,119,29.26,223.6,133,19.01,150.0,94,6.75,13.9,20,3.75,1
30,124,415,0,0,0,254.3,113,43.23,78.9,104,6.71,153.2,69,6.89,11.8,2,3.19,2
50,185,415,1,1,30,154.1,114,26.2,118.7,106,10.09,258.4,105,11.63,12.9,3,3.48,2
26,102,408,0,0,0,273.2,85,46.44,211.1,82,17.94,203.7,129,9.17,13.1,7,3.54,2
46,146,510,1,0,0,204.4,135,34.75,219.1,90,18.62,222.7,114,10.02,10.5,6,2.84,3
37,140,415,0,0,0,120.3,108,20.45,240.4,84,20.43,216.4,74,9.74,7.7,3,2.08,4
14,48,510,0,0,0,128.2,71,21.79,48.1,78,4.09,116.3,80,5.23,8.9,3,2.4,0
21,118,408,1,1,21,156.5,122,26.61,209.2,125,17.78,158.7,81,7.14,11.1,3,3.0,4
24,101,415,1,0,0,133.5,51,22.7,219.6,96,18.67,210.0,74,9.45,11.7,4,3.16,1
37,27,510,0,0,0,232.1,81,39.46,210.8,101,17.92,165.4,87,7.44,15.0,6,4.05,5
41,149,408,0,1,28,180.7,92,30.72,187.8,64,15.96,265.5,53,11.95,12.6,3,3.4,3
50,151,510,0,0,0,235.9,104,40.1,80.6,91,6.85,212.8,116,9.58,5.8,2,1.57,3
19,46,408,0,0,0,139.4,81,23.7,223.7,113,19.01,173.1,77,7.79,13.6,6,3.67,1
38,53,415,0,0,0,205.1,86,34.87,160.5,95,13.64,149.5,142,6.73,10.7,2,2.89,3
40,78,415,0,0,0,155.0,106,26.35,175.3,101,14.9,155.6,125,7.0,11.8,5,3.19,2
46,152,510,0,1,20,214.6,108,36.48,96.6,82,8.21,170.7,145,7.68,7.9,5,2.13,1
22,81,415,0,0,0,153.5,99,26.1,197.6,102,16.8,198.5,86,8.93,6.3,2,1.7,2
45,113,408,0,1,34,44.9,63,7.63,134.2,82,11.41,168.4,118,7.58,13.3,3,3.59,1
43,97,415,1,0,0,143.7,117,24.43,273.0,82,23.21,178.3,81,8.02,10.9,3,2.94,0
29,34,415,0,0,0,193.7,74,32.93,126.9,84,10.79,221.2,166,9.95,8.8,4,2.38,0
12,79,415,0,1,17,167.9,114,28.54,243.7,93,20.71,211.9,114,9.54,9.1,2,2.46,1
36,177,408,0,0,0,175.4,99,29.82,155.3,83,13.2,179.4,86,8.07,11.5,3,3.11,1
32,55,510,0,0,0,119.7,148,20.35,231.8,96,19.7,222.3,113,10.0,4.6,2,1.24,2
33,130,510,0,0,0,154.2,119,26.21,110.2,98,9.37,227.4,117,10.23,9.2,5,2.48,2
26,113,415,0,0,0,215.9,93,36.7,240.1,85,20.41,156.7,123,7.05,4.9,5,1.32,3
40,78,510,0,0,0,168.3,110,28.61,221.2,73,18.8,241.0,136,10.85,12.5,1,3.38,1
0,115,415,0,0,0,245.2,105,41.68,159.0,109,13.52,229.9,74,10.35,7.2,8,1.94,0
13,92,415,0,0,0,197.2,113,33.52,242.3,116,20.6,192.0,76,8.64,11.0,5,2.97,2
30,54,510,0,0,0,210.5,102,35.79,204.5,83,17.38,127.8,53,5.75,8.5,5,2.3,1
16,57,415,0,0,0,158.1,117,26.88,115.2,149,9.79,182.4,92,8.21,11.8,7,3.19,0
17,39,415,0,0,0,295.4,126,50.22,232.1,117,19.73,204.4,123,9.2,11.5,2,3.11,1
40,138,510,0,1,21,19.5,149,3.32,140.9,109,11.98,179.7,111,8.09,7.9,1,2.13,0
7,93,408,0,0,0,164.5,95,27.97,230.9,87,19.63,149.9,91,6.75,9.9,3,2.67,4
9,102,408,0,1,29,214.7,86,36.5,314.3,109,26.72,280.2,110,12.61,14.3,2,3.86,0
20,189,415,0,1,30,155.2,116,26.38,195.5,50,16.62,170.1,108,7.65,15.4,6,4.16,1
37,25,408,0,0,0,178.8,90,30.4,141.2,72,12.0,203.0,99,9.14,8.4,5,2.27,2
37,67,415,1,0,0,120.9,58,20.55,235.0,88,19.98,95.1,130,4.28,11.4,11,3.08,2
19,102,510,1,0,0,233.8,103,39.75,221.6,131,18.84,146.9,106,6.61,12.8,3,3.46,0
5,105,408,0,0,0,270.9,98,46.05,226.2,110,19.23,178.8,60,8.05,8.8,5,2.38,0
15,69,408,0,0,0,185.3,91,31.5,219.1,88,18.62,243.6,107,10.96,5.5,5,1.49,0
29,46,408,0,0,0,210.2,92,35.73,227.3,77,19.32,200.1,116,9.0,13.1,7,3.54,1
1,61,415,0,1,20,254.4,133,43.25,161.7,96,13.74,251.4,91,11.31,10.5,4,2.84,0
12,86,408,0,0,0,126.3,115,21.47,168.8,112,14.35,154.6,95,6.96,9.8,7,2.65,2
43,51,415,0,0,0,180.5,88,30.69,134.7,102,11.45,170.7,97,7.68,10.0,3,2.7,2
49,177,408,0,0,0,227.8,81,38.73,161.8,97,13.75,217.0,106,9.76,8.0,5,2.16,1
34,126,415,1,0,0,239.7,87,40.75,281.7,92,23.94,183.5,113,8.26,11.4,1,3.08,1
37,97,415,0,0,0,146.0,121,24.82,203.0,141,17.26,151.8,120,6.83,13.3,2,3.59,1
14,78,415,1,0,0,236.8,141,40.26,265.3,101,22.55,152.4,77,6.86,9.5,2,2.57,1
49,124,510,0,0,0,184.8,74,31.42,175.1,84,14.88,158.2,95,7.12,10.5,6,2.84,1
4,113,415,0,0,0,187.6,97,31.89,208.2,118,17.7,158.9,101,7.15,8.7,6,2.35,2
44,157,408,0,0,0,229.8,90,39.07,147.9,121,12.57,241.4,108,10.86,9.6,7,2.59,3
6,115,415,0,0,0,245.0,97,41.65,250.7,75,21.31,270.2,124,12.16,13.7,8,3.7,1
28,122,408,0,0,0,231.2,141,39.3,267.8,136,22.76,240.3,100,10.81,8.8,5,2.38,1
9,70,510,1,0,0,226.7,98,38.54,228.1,115,19.39,73.2,93,3.29,17.6,4,4.75,2
29,112,415,1,1,16,200.3,72,34.05,197.8,91,16.81,151.1,92,6.8,10.4,3,2.81,1
19,58,415,0,1,30,178.1,111,30.28,236.7,109,20.12,264.0,118,11.88,8.4,2,2.27,0
25,105,415,0,0,0,101.4,48,17.24,159.1,119,13.52,259.2,53,11.66,12.2,2,3.29,1
25,137,510,0,0,0,147.2,119,25.02,192.8,91,16.39,172.7,105,7.77,10.2,4,2.75,1
24,110,408,0,0,0,222.7,94,37.86,105.8,98,8.99,214.8,78,9.67,13.5,4,3.65,1
28,147,408,1,1,35,157.5,109,26.78,189.6,67,16.12,227.0,76,10.22,11.1,2,3.0,3
48,143,510,0,0,0,194.3,99,33.03,123.6,133,10.51,229.5,99,10.33,10.2,2,2.75,2
43,126,415,0,0,0,190.9,143,32.45,149.7,72,12.72,191.4,87,8.61,13.0,3,3.51,1
49,23,510,0,1,31,156.6,84,26.62,161.5,96,13.73,294.6,107,13.26,9.4,6,2.54,1
31,131,415,0,0,0,211.8,115,36.01,260.5,102,22.14,144.2,96,6.49,10.8,7,2.92,0
25,115,415,0,0,0,166.5,111,28.31,236.2,98,20.08,205.6,92,9.25,15.6,2,4.21,1
10,56,415,0,1,30,127.1,89,21.61,172.1,116,14.63,194.6,111,8.76,12.1,3,3.27,1
4,72,408,0,1,39,92.8,98,15.78,271.2,115,23.05,167.1,83,7.52,5.8,7,1.57,1
37,59,408,0,1,28,120.9,97,20.55,213.0,92,18.11,163.1,116,7.34,8.5,5,2.3,2
16,79,415,0,0,0,177.9,83,30.24,167.3,84,14.22,223.7,142,10.07,15.2,8,4.1,0
20,136,415,0,0,0,250.2,121,42.53,267.1,118,22.7,151.0,114,6.8,13.0,2,3.51,1
15,140,415,0,0,0,160.5,114,27.29,240.5,103,20.44,233.5,121,10.51,11.3,4,3.05,1
39,133,510,1,0,0,127.3,108,21.64,251.3,81,21.36,135.0,88,6.08,10.3,3,2.78,1
23,52,415,0,1,32,130.1,68,22.12,247.2,77,21.01,289.4,87,13.02,13.5,5,3.65,2
22,59,415,0,0,0,204.3,65,34.73,247.3,123,21.02,214.7,94,9.66,12.0,4,3.24,1
3,141,510,0,1,22,215.4,123,36.62,328.7,98,27.94,160.5,89,7.22,7.8,6,2.11,1
18,91,415,0,0,0,190.5,128,32.39,205.5,103,17.47,130.7,63,5.88,13.8,5,3.73,0
1,86,415,0,0,0,128.3,121,21.81,197.1,93,16.75,138.4,152,6.23,12.2,5,3.29,7
31,106,415,0,0,0,207.9,91,35.34,172.0,109,14.62,191.8,143,8.63,14.4,7,3.89,4
27,115,415,1,0,0,180.0,119,30.6,198.8,126,16.9,217.1,70,9.77,12.4,3,3.35,1
9,105,415,0,0,0,273.8,97,46.55,289.7,106,24.62,269.1,126,12.11,5.8,3,1.57,2
49,58,408,0,1,39,211.9,40,36.02,274.4,76,23.32,210.5,139,9.47,5.4,4,1.46,1
40,107,415,0,0,0,206.9,79,35.17,262.4,117,22.3,149.3,69,6.72,10.7,3,2.89,0
6,66,415,0,1,29,229.4,104,39.0,257.4,84,21.88,231.5,119,10.42,8.0,1,2.16,2
8,67,415,1,1,35,181.1,59,30.79,215.9,116,18.35,216.3,106,9.73,16.9,4,4.56,0
18,27,408,0,0,0,82.6,105,14.04,204.0,99,17.34,224.2,122,10.09,9.1,4,2.46,1
5,83,510,0,0,0,132.4,120,22.51,121.6,101,10.34,197.7,84,8.9,8.6,2,2.32,1
30,110,408,0,0,0,162.0,81,27.54,247.5,89,21.04,155.5,99,7.0,8.9,8,2.4,0
4,105,415,0,1,31,109.6,108,18.63,249.3,119,21.19,321.2,101,14.45,8.3,4,2.24,4
27,117,510,0,0,0,214.4,94,36.45,138.0,149,11.73,148.7,102,6.69,9.9,1,2.67,2
13,92,415,0,1,29,201.3,130,34.22,203.7,115,17.31,129.9,113,5.85,6.4,6,1.73,1
25,65,415,1,0,0,277.9,123,47.24,155.8,112,13.24,256.9,71,11.56,9.2,10,2.48,0
8,129,408,0,0,0,161.3,122,27.42,220.6,95,18.75,224.7,104,10.11,9.6,3,2.59,1
32,65,415,0,0,0,148.7,80,25.28,259.0,94,22.02,149.5,107,6.73,12.7,6,3.43,2
30,90,415,0,1,42,193.3,66,32.86,263.3,85,22.38,214.4,97,9.65,11.1,4,3.0,0
20,85,510,1,0,0,216.0,73,36.72,188.2,117,16.0,147.1,98,6.62,3.6,7,0.97,2
16,128,415,0,1,25,265.1,110,45.07,197.4,99,16.78,244.7,91,11.01,10.0,3,2.7,1
39,65,415,0,0,0,111.0,51,18.87,219.8,84,18.68,202.0,89,9.09,4.4,14,1.19,1
14,85,415,0,1,29,144.6,97,24.58,140.0,102,11.9,165.4,148,7.44,10.9,3,2.94,1
13,105,408,0,0,0,232.6,96,39.54,253.4,117,21.54,154.0,101,6.93,10.5,9,2.84,1
0,1,408,0,0,0,175.2,74,29.78,151.7,79,12.89,230.5,109,10.37,5.3,3,1.43,1
5,132,415,0,0,0,197.8,66,33.63,133.9,119,11.38,177.3,94,7.98,10.9,3,2.94,4
38,112,510,0,0,0,217.1,76,36.91,205.2,100,17.44,185.7,91,8.36,9.4,3,2.54,2
28,70,415,0,1,31,125.9,101,21.4,196.4,102,16.69,252.7,75,11.37,10.3,4,2.78,1
44,61,415,1,1,29,128.2,119,21.79,171.7,83,14.59,250.9,114,11.29,11.7,6,3.16,3
3,144,510,1,0,0,203.5,100,34.6,247.6,103,21.05,194.3,94,8.74,11.9,11,3.21,0
34,89,415,0,0,0,89.5,66,15.22,179.3,104,15.24,225.1,116,10.13,12.3,1,3.32,3
48,81,415,0,1,33,161.6,117,27.47,123.0,90,10.46,261.3,101,11.76,12.2,5,3.29,1
38,101,415,0,0,0,206.6,105,35.12,224.9,117,19.12,249.9,100,11.25,14.6,3,3.94,0
14,83,415,0,0,0,195.0,92,33.15,210.5,83,17.89,180.6,92,8.13,11.0,13,2.97,0
50,157,415,1,0,0,180.4,123,30.67,194.0,98,16.49,227.3,88,10.23,8.4,5,2.27,0
21,151,415,0,1,26,196.5,98,33.41,175.8,111,14.94,221.8,124,9.98,13.4,5,3.62,0
33,107,510,1,0,0,234.1,91,39.8,163.1,105,13.86,282.5,100,12.71,10.0,3,2.7,1
6,123,415,0,0,0,128.7,126,21.88,117.6,94,10.0,198.4,132,8.93,10.8,5,2.92,0
39,145,408,0,1,43,257.7,97,43.81,162.1,95,13.78,286.9,86,12.91,11.1,4,3.0,2
7,70,415,0,0,0,152.8,145,25.98,183.6,102,15.61,151.8,75,6.83,10.5,2,2.84,1
9,124,415,0,1,28,251.4,104,42.74,225.1,89,19.13,251.9,121,11.34,7.5,5,2.03,1
40,77,510,0,1,28,135.9,117,23.1,244.5,102,20.78,207.5,74,9.34,11.5,3,3.11,4
37,151,510,0,0,0,156.4,108,26.59,233.4,118,19.84,195.7,141,8.81,7.7,6,2.08,4
8,117,415,0,0,0,168.8,137,28.7,241.4,107,20.52,204.8,106,9.22,15.5,4,4.19,0
24,174,510,0,0,0,235.5,108,40.04,142.3,143,12.1,316.7,131,14.25,12.5,5,3.38,0
50,111,415,0,0,0,222.2,96,37.77,162.5,111,13.81,184.9,120,8.32,11.9,7,3.21,4
3,12,408,0,0,0,249.6,118,42.43,252.4,119,21.45,280.2,90,12.61,11.8,3,3.19,1
16,70,408,0,0,0,232.1,122,39.46,292.3,112,24.85,201.2,112,9.05,0.0,0,0.0,3
2,103,415,0,1,31,185.4,105,31.52,197.6,126,16.8,147.1,110,6.62,14.5,4,3.92,2
49,172,415,0,0,0,211.7,100,35.99,198.7,101,16.89,301.7,136,13.58,6.5,9,1.76,1
27,55,408,1,0,0,221.0,115,37.57,165.4,97,14.06,235.4,117,10.59,9.7,4,2.62,1
15,51,510,0,0,0,214.8,94,36.52,149.7,58,12.72,283.4,66,12.75,10.2,5,2.75,0
36,52,510,0,1,38,169.3,88,28.78,225.9,97,19.2,172.0,86,7.74,8.2,3,2.21,0
4,75,510,0,1,38,163.6,132,27.81,146.7,113,12.47,345.8,115,15.56,13.1,3,3.54,3
14,107,415,0,1,14,114.3,132,19.43,199.8,91,16.98,194.7,74,8.76,7.5,8,2.03,1
26,100,415,0,0,0,113.3,96,19.26,197.9,89,16.82,284.5,93,12.8,11.7,2,3.16,4
22,116,408,0,0,0,133.3,94,22.66,247.8,126,21.06,219.0,78,9.86,11.3,5,3.05,5
35,65,415,0,0,0,245.7,139,41.77,241.9,113,20.56,285.3,117,12.84,4.2,5,1.13,4
10,133,510,0,0,0,227.4,90,38.66,73.2,135,6.22,114.3,99,5.14,4.7,7,1.27,0
7,88,415,0,1,17,219.5,78,37.32,222.1,94,18.88,188.3,92,8.47,16.1,5,4.35,1
21,59,510,0,0,0,166.3,95,28.27,239.3,87,20.34,123.2,108,5.54,10.0,3,2.7,2
23,124,510,0,0,0,157.5,70,26.78,130.7,79,11.11,193.4,98,8.7,9.6,4,2.59,3
2,59,510,0,1,29,133.1,114,22.63,221.2,82,18.8,131.6,103,5.92,6.8,3,1.84,1
17,95,510,0,0,0,157.3,116,26.74,197.5,77,16.79,128.2,111,5.77,8.4,4,2.27,2
28,56,510,0,0,0,164.3,92,27.93,233.7,107,19.86,187.3,104,8.43,11.8,1,3.19,2
29,123,510,0,0,0,194.0,118,32.98,242.0,114,20.57,146.3,108,6.58,12.1,4,3.27,1
26,137,408,1,0,0,258.0,112,43.86,246.5,117,20.95,173.2,100,7.79,10.9,3,2.94,0
36,180,415,0,0,0,143.5,121,24.4,189.3,111,16.09,174.9,82,7.87,8.8,5,2.38,3
8,90,415,0,0,0,198.5,124,33.75,266.6,100,22.66,243.3,80,10.95,8.0,7,2.16,2
50,164,510,0,0,0,160.6,111,27.3,163.2,126,13.87,187.1,112,8.42,9.0,3,2.43,1
49,67,510,0,0,0,152.5,131,25.93,252.4,107,21.45,185.4,104,8.34,4.9,3,1.32,2
46,101,510,0,0,0,0.0,0,0.0,192.1,119,16.33,168.8,95,7.6,7.2,4,1.94,1
39,103,510,1,0,0,255.9,128,43.5,140.9,92,11.98,308.9,130,13.9,12.1,2,3.27,1
47,96,415,0,0,0,276.9,105,47.07,246.9,94,20.99,254.4,107,11.45,10.3,3,2.78,1
24,110,415,0,0,0,178.5,124,30.35,146.9,141,12.49,217.1,102,9.77,9.9,7,2.67,1
31,64,415,0,0,0,224.8,111,38.22,190.0,101,16.15,221.4,110,9.96,9.2,2,2.48,1
36,101,415,0,0,0,269.7,85,45.85,207.6,86,17.65,214.2,107,9.64,4.5,15,1.22,3
25,158,510,0,0,0,175.9,105,29.9,188.3,88,16.01,188.3,98,8.47,11.0,6,2.97,1
44,110,415,0,0,0,271.1,108,46.09,237.0,122,20.15,239.9,122,10.8,9.8,5,2.65,2
42,121,510,0,1,26,170.4,91,28.97,254.5,90,21.63,219.6,122,9.88,15.1,5,4.08,0
45,129,408,0,0,0,207.0,91,35.19,154.9,121,13.17,245.1,112,11.03,13.4,5,3.62,3
33,91,408,0,0,0,133.7,75,22.73,195.3,87,16.6,280.5,89,12.62,5.9,2,1.59,0
41,75,408,0,0,0,147.5,110,25.08,191.7,97,16.29,135.0,68,6.08,16.4,3,4.43,2
39,107,415,0,1,37,60.0,102,10.2,102.2,80,8.69,261.8,106,11.78,11.1,3,3.0,0
48,68,415,0,0,0,148.8,70,25.3,246.5,164,20.95,129.8,103,5.84,12.1,3,3.27,3
30,88,415,0,0,0,202.2,86,34.37,216.8,93,18.43,239.4,99,10.77,11.8,2,3.19,2
23,100,415,0,1,27,221.7,100,37.69,236.1,70,20.07,192.7,91,8.67,8.0,4,2.16,0
33,64,415,0,0,0,97.2,80,16.52,186.2,90,15.83,189.0,92,8.5,10.4,6,2.81,2
13,79,510,0,1,21,264.3,79,44.93,202.8,118,17.24,173.4,92,7.8,6.3,3,1.7,4
0,130,415,0,0,0,242.5,101,41.23,102.8,114,8.74,142.4,89,6.41,9.3,2,2.51,2
16,107,415,0,0,0,260.5,108,44.29,102.4,110,8.7,129.7,148,5.84,9.8,5,2.65,1
45,139,510,0,1,23,157.6,129,26.79,247.0,96,21.0,259.2,112,11.66,13.7,2,3.7,0
26,114,510,0,0,0,189.8,101,32.27,147.7,80,12.55,172.7,121,7.77,10.6,5,2.86,1
28,132,415,0,1,31,174.5,101,29.67,245.6,105,20.88,172.8,76,7.78,10.3,9,2.78,1
36,84,510,0,0,0,203.4,125,34.58,182.9,88,15.55,213.7,121,9.62,13.8,2,3.73,1
46,63,415,0,0,0,278.0,102,47.26,266.4,114,22.64,224.1,118,10.08,13.1,4,3.54,4
17,54,408,0,0,0,159.8,99,27.17,264.0,64,22.44,115.7,70,5.21,9.7,7,2.62,2
16,74,415,0,1,32,174.6,107,29.68,310.6,115,26.4,234.7,92,10.56,9.0,4,2.43,1
40,140,510,0,1,28,157.1,77,26.71,172.4,97,14.65,184.5,94,8.3,11.1,9,3.0,1
10,202,510,0,0,0,115.4,137,19.62,178.7,70,15.19,185.7,113,8.36,6.0,3,1.62,3
8,54,415,1,0,0,214.1,77,36.4,240.5,94,20.44,188.9,75,8.5,10.1,3,2.73,1
1,131,510,0,0,0,153.4,86,26.08,198.5,81,16.87,164.4,83,7.4,10.4,3,2.81,0
7,126,510,0,0,0,122.4,88,20.81,143.8,111,12.22,157.0,106,7.07,11.5,3,3.11,1
31,95,415,0,1,22,40.9,126,6.95,133.4,90,11.34,264.2,91,11.89,11.9,7,3.21,0
38,92,408,0,1,28,151.1,90,25.69,194.8,79,16.56,239.2,114,10.76,10.0,3,2.7,1
18,128,415,0,0,0,148.5,105,25.25,243.0,106,20.66,255.2,114,11.48,6.8,2,1.84,1
10,86,510,0,0,0,124.1,82,21.1,202.6,120,17.22,289.6,119,13.03,6.7,8,1.81,3
32,16,510,0,0,0,144.8,84,24.62,164.9,141,14.02,231.5,75,10.42,8.2,4,2.21,2
46,131,415,0,1,34,156.6,134,26.62,71.0,95,6.04,261.7,120,11.78,13.4,10,3.62,1
25,76,408,0,0,0,173.2,93,29.44,131.2,80,11.15,170.9,104,7.69,5.4,3,1.46,0
29,94,415,0,0,0,252.6,104,42.94,169.0,125,14.37,170.9,106,7.69,11.1,7,3.0,2
30,111,510,0,0,0,197.1,117,33.51,227.8,128,19.36,214.0,101,9.63,9.3,11,2.51,0
49,131,415,0,0,0,196.1,89,33.34,185.5,87,15.77,250.0,132,11.25,5.2,6,1.4,2
2,96,415,0,1,21,247.6,95,42.09,256.3,150,21.79,158.6,72,7.14,10.8,6,2.92,2
46,157,510,0,0,0,168.6,71,28.66,205.1,48,17.43,175.8,88,7.91,5.9,2,1.59,3
0,127,408,0,0,0,182.3,124,30.99,169.9,110,14.44,184.0,116,8.28,9.3,3,2.51,1
2,138,510,0,0,0,146.5,101,24.91,284.5,142,24.18,176.0,98,7.92,14.0,6,3.78,3
8,224,510,1,0,0,171.5,99,29.16,160.0,103,13.6,212.4,102,9.56,5.0,2,1.35,1
41,97,415,0,0,0,168.6,87,28.66,259.2,105,22.03,279.8,123,12.59,7.3,4,1.97,1
37,82,415,0,1,19,146.5,73,24.91,246.4,65,20.94,199.0,114,8.96,4.1,4,1.11,1
6,30,408,0,0,0,137.6,108,23.39,162.0,80,13.77,187.7,126,8.45,5.8,10,1.57,3
16,124,510,0,1,37,161.2,109,27.4,204.2,79,17.36,231.5,87,10.42,8.9,4,2.4,1
48,107,510,0,1,25,248.6,91,42.26,119.3,115,10.14,194.3,83,8.74,12.0,1,3.24,1
32,68,408,0,0,0,131.6,89,22.37,137.0,109,11.65,256.3,107,11.53,10.2,5,2.75,3
29,73,415,0,0,0,198.3,94,33.71,279.3,101,23.74,146.2,87,6.58,14.8,8,4.0,3
33,136,415,0,1,21,179.4,88,30.5,181.1,97,15.39,320.7,120,14.43,9.5,4,2.57,2
27,165,415,0,0,0,207.7,109,35.31,164.8,94,14.01,54.5,91,2.45,7.9,3,2.13,0
22,81,408,0,0,0,166.2,102,28.25,217.6,112,18.5,220.2,68,9.91,13.2,2,3.56,4
30,90,415,0,0,0,76.1,121,12.94,290.3,73,24.68,236.9,89,10.66,10.8,3,2.92,0
27,89,408,0,0,0,105.9,151,18.0,189.6,142,16.12,170.9,67,7.69,12.7,7,3.43,0
3,68,415,0,0,0,232.4,76,39.51,153.3,103,13.03,214.6,107,9.66,10.5,2,2.84,1
19,39,408,0,0,0,60.4,158,10.27,306.2,120,26.03,123.9,46,5.58,12.4,3,3.35,1
24,92,415,0,0,0,154.0,122,26.18,329.8,88,28.03,288.0,117,12.96,5.6,2,1.51,3
4,138,510,1,0,0,196.2,129,33.35,176.5,86,15.0,232.4,108,10.46,15.2,1,4.1,0
23,103,415,0,0,0,198.5,112,33.75,42.5,90,3.61,179.2,124,8.06,12.4,5,3.35,0
21,120,510,0,0,0,198.8,56,33.8,230.1,73,19.56,119.8,81,5.39,9.9,3,2.67,2
33,180,510,0,0,0,139.0,96,23.63,224.9,64,19.12,170.8,118,7.69,15.7,5,4.24,2
15,101,415,0,1,42,209.2,82,35.56,159.7,74,13.57,181.6,100,8.17,9.5,3,2.57,0
14,117,415,0,0,0,201.9,86,34.32,212.3,96,18.05,176.9,98,7.96,7.8,10,2.11,1
23,40,510,1,0,0,170.7,55,29.02,179.1,108,15.22,281.9,89,12.69,8.2,9,2.21,3
15,161,510,0,1,38,240.4,112,40.87,201.8,102,17.15,206.1,112,9.27,16.1,6,4.35,0
20,75,415,0,1,39,198.2,107,33.69,280.4,132,23.83,129.6,73,5.83,11.3,7,3.05,1
10,160,415,0,0,0,174.3,105,29.63,171.3,107,14.56,220.8,131,9.94,8.3,2,2.24,0
2,95,415,0,0,0,69.4,79,11.8,190.8,109,16.22,219.9,102,9.9,8.9,5,2.4,0
7,76,415,0,0,0,224.4,121,38.15,147.9,97,12.57,183.8,74,8.27,6.7,2,1.81,2
7,74,415,0,0,0,85.7,83,14.57,247.7,67,21.05,142.4,85,6.41,10.1,5,2.73,2
39,106,510,1,0,0,204.0,84,34.68,168.5,61,14.32,164.0,102,7.38,13.3,3,3.59,3
29,70,415,0,0,0,213.4,86,36.28,204.7,77,17.4,256.6,101,11.55,5.7,4,1.54,1
23,142,510,0,1,40,237.4,105,40.36,175.9,93,14.95,210.3,110,9.46,9.2,3,2.48,3
24,112,415,0,0,0,335.5,77,57.04,212.5,109,18.06,265.0,132,11.93,12.7,8,3.43,2
16,110,510,0,0,0,208.0,69,35.36,95.1,94,8.08,178.5,129,8.03,8.0,11,2.16,1
39,114,510,0,1,28,225.8,94,38.39,193.0,117,16.41,232.4,100,10.46,8.4,9,2.27,4
8,89,408,0,0,0,197.1,110,33.51,165.9,115,14.1,227.3,106,10.23,12.8,3,3.46,1
42,78,415,0,0,0,149.7,119,25.45,182.2,115,15.49,261.5,126,11.77,9.7,8,2.62,0
44,96,408,0,1,26,145.8,108,24.79,192.2,89,16.34,165.1,96,7.43,9.9,2,2.67,1
44,4,510,1,0,0,145.3,89,24.7,303.8,93,25.82,206.1,82,9.27,8.9,4,2.4,0
45,86,415,0,1,30,99.9,84,16.98,263.5,125,22.4,254.7,90,11.46,9.8,7,2.65,2
13,103,415,0,0,0,70.9,134,12.05,134.5,112,11.43,168.8,164,7.6,12.0,6,3.24,2
17,74,415,0,1,35,154.1,104,26.2,123.4,84,10.49,202.1,57,9.09,10.9,9,2.94,2
1,131,415,0,1,25,192.7,85,32.76,225.9,105,19.2,254.2,59,11.44,10.9,6,2.94,2
48,126,415,1,1,34,244.9,118,41.63,219.6,105,18.67,210.8,136,9.49,9.7,6,2.62,4
10,185,510,0,1,31,189.8,126,32.27,163.3,133,13.88,264.8,126,11.92,7.5,3,2.03,1
23,61,415,0,0,0,197.3,67,33.54,264.5,106,22.48,210.5,116,9.47,9.0,6,2.43,1
38,124,415,0,0,0,167.4,119,28.46,233.2,143,19.82,109.6,115,4.93,10.3,5,2.78,0
49,123,415,0,0,0,175.7,78,29.87,184.6,96,15.69,156.9,92,7.06,9.1,2,2.46,2
11,3,408,0,0,0,139.0,99,23.63,250.7,108,21.31,286.2,87,12.88,6.1,3,1.65,4
30,95,510,0,0,0,142.5,109,24.23,176.1,107,14.97,189.6,88,8.53,8.2,3,2.21,2
2,109,510,0,0,0,175.4,125,29.82,250.7,87,21.31,289.3,74,13.02,9.8,9,2.65,1
3,192,415,0,1,36,156.2,77,26.55,215.5,126,18.32,279.1,83,12.56,9.9,6,2.67,2
25,78,408,0,0,0,108.6,108,18.46,209.9,126,17.84,222.6,117,10.02,7.9,5,2.13,1
34,167,415,0,0,0,166.4,85,28.29,243.2,135,20.67,229.2,95,10.31,9.9,5,2.67,1
44,201,510,0,0,0,212.7,72,36.16,225.2,90,19.14,195.1,99,8.78,7.0,6,1.89,1
15,87,510,0,0,0,234.8,85,39.92,140.9,91,11.98,204.3,93,9.19,9.5,5,2.57,1
29,174,415,0,0,0,124.3,76,21.13,277.1,112,23.55,250.7,115,11.28,15.5,5,4.19,3
45,114,415,1,1,31,174.5,104,29.67,224.2,92,19.06,116.3,91,5.23,12.3,10,3.32,2
3,59,408,0,0,0,150.2,70,25.53,185.7,98,15.78,212.5,128,9.56,12.1,2,3.27,1
21,56,408,0,0,0,221.9,112,37.72,278.2,122,23.65,288.1,85,12.96,7.1,5,1.92,0
6,77,415,0,0,0,221.8,84,37.71,166.0,125,14.11,210.2,72,9.46,13.2,4,3.56,1
21,39,408,0,0,0,154.1,104,26.2,204.2,112,17.36,196.2,92,8.83,9.8,4,2.65,2
28,101,415,0,1,36,123.7,125,21.03,172.6,106,14.67,280.5,127,12.62,8.8,4,2.38,1
23,113,408,1,0,0,125.2,93,21.28,206.4,119,17.54,129.3,139,5.82,8.3,8,2.24,0
15,69,510,0,0,0,135.4,101,23.02,238.1,124,20.24,195.6,102,8.8,10.6,2,2.86,1
19,42,408,0,0,0,241.2,134,41.0,116.5,114,9.9,152.2,91,6.85,10.6,4,2.86,0
13,113,415,0,1,30,183.8,102,31.25,183.4,123,15.59,235.0,52,10.58,11.6,7,3.13,0
24,136,415,0,0,0,92.4,109,15.71,219.0,115,18.62,212.6,80,9.57,12.9,4,3.48,2
30,75,510,0,0,0,226.1,105,38.44,201.5,107,17.13,246.2,98,11.08,10.3,5,2.78,1
14,16,415,1,0,0,110.0,91,18.7,147.3,75,12.52,190.5,73,8.57,6.4,7,1.73,0
0,100,415,0,1,29,213.6,127,36.31,175.9,82,14.95,207.2,100,9.32,8.9,3,2.4,1
15,98,408,0,1,21,64.6,98,10.98,176.1,86,14.97,244.8,84,11.02,0.0,0,0.0,2
17,73,408,0,0,0,94.9,121,16.13,253.2,83,21.52,175.1,86,7.88,14.2,2,3.83,2
40,38,415,0,1,31,197.2,118,33.52,249.9,70,21.24,298.9,104,13.45,3.9,2,1.05,0
34,104,415,0,0,0,264.0,108,44.88,132.2,75,11.24,177.7,91,8.0,10.6,8,2.86,3
45,105,415,0,0,0,259.3,96,44.08,175.2,97,14.89,222.4,36,10.01,12.0,5,3.24,3
11,99,415,0,0,0,62.9,81,10.69,231.0,64,19.64,168.9,121,7.6,8.5,5,2.3,1
49,32,408,0,1,26,266.7,109,45.34,232.3,107,19.75,212.8,98,9.58,16.3,4,4.4,1
1,68,510,0,0,0,157.3,83,26.74,220.9,85,18.78,218.9,129,9.85,12.0,7,3.24,1
13,127,408,0,0,0,102.8,128,17.48,143.7,95,12.21,191.4,97,8.61,10.0,5,2.7,1
1,25,408,0,0,0,264.9,80,45.03,281.2,66,23.9,166.1,80,7.47,8.4,4,2.27,1
2,100,510,0,0,0,142.5,87,24.23,195.7,88,16.63,122.1,117,5.49,7.8,8,2.11,2
31,93,415,1,1,20,187.5,110,31.88,169.8,94,14.43,175.3,127,7.89,12.1,4,3.27,1
42,140,415,0,0,0,125.3,84,21.3,167.6,121,14.25,260.6,94,11.73,8.4,4,2.27,1
13,46,415,0,0,0,124.8,133,21.22,157.3,143,13.37,199.3,72,8.97,8.6,4,2.32,2
23,62,415,0,0,0,147.1,91,25.01,190.4,107,16.18,195.2,115,8.78,12.2,3,3.29,0
1,87,408,0,0,0,237.2,124,40.32,222.6,87,18.92,173.3,81,7.8,11.0,3,2.97,1
30,123,415,0,1,22,197.6,105,33.59,80.0,86,6.8,120.8,82,5.44,15.6,12,4.21,2
26,33,510,0,1,35,161.9,85,27.52,151.2,82,12.85,191.0,131,8.59,8.5,2,2.3,1
45,11,408,0,1,24,131.5,98,22.36,230.2,111,19.57,283.7,87,12.77,10.0,3,2.7,2
1,167,510,0,0,0,207.6,88,35.29,132.4,63,11.25,255.2,98,11.48,14.1,5,3.81,0
37,103,510,1,0,0,171.7,78,29.19,144.5,86,12.28,157.9,106,7.11,6.8,3,1.84,3
29,149,415,0,0,0,156.0,56,26.52,56.0,116,4.76,163.3,104,7.35,8.9,8,2.4,0
22,127,415,0,0,0,202.1,103,34.36,229.4,86,19.5,195.2,113,8.78,11.5,3,3.11,2
26,169,415,0,0,0,100.8,112,17.14,230.0,69,19.55,193.6,95,8.71,9.5,2,2.57,0
14,148,408,0,1,25,230.7,102,39.22,233.8,109,19.87,215.8,90,9.71,13.5,2,3.65,3
28,94,408,0,0,0,174.0,85,29.58,241.1,114,20.49,207.8,94,9.35,7.9,1,2.13,1
4,37,510,0,0,0,239.9,120,40.78,261.6,88,22.24,207.1,88,9.32,8.9,4,2.4,2
27,135,415,0,0,0,201.8,81,34.31,225.0,114,19.13,204.4,82,9.2,10.3,6,2.78,1
43,98,408,0,1,19,110.5,87,18.79,227.8,97,19.36,243.6,84,10.96,11.0,4,2.97,1
27,109,510,1,0,0,209.1,141,35.55,205.0,93,17.43,119.4,111,5.37,7.8,3,2.11,2
27,54,415,1,0,0,190.5,108,32.39,259.7,108,22.07,141.5,111,6.37,9.7,2,2.62,2
34,117,415,0,0,0,144.6,115,24.58,258.8,66,22.0,253.2,113,11.39,7.4,9,2.0,2
40,78,415,0,0,0,109.5,105,18.62,286.1,90,24.32,247.6,113,11.14,4.9,9,1.32,1
3,113,510,0,0,0,81.3,116,13.82,220.6,124,18.75,235.7,113,10.61,8.9,3,2.4,0
3,84,415,0,0,0,159.0,80,27.03,167.9,128,14.27,167.6,101,7.54,12.3,5,3.32,1
20,120,415,0,1,39,200.3,68,34.05,220.4,97,18.73,253.8,116,11.42,10.5,4,2.84,0
17,112,415,0,0,0,170.5,113,28.99,193.2,129,16.42,188.0,91,8.46,11.2,6,3.02,0
17,90,415,0,0,0,193.7,83,32.93,154.2,79,13.11,299.0,60,13.46,12.7,3,3.43,1
28,154,408,0,1,35,224.0,102,38.08,192.0,99,16.32,163.1,100,7.34,9.6,2,2.59,0
33,78,408,0,0,0,75.0,116,12.75,248.7,87,21.14,176.0,83,7.92,9.5,6,2.57,3
1,93,408,0,0,0,267.9,114,45.54,223.0,74,18.96,262.7,90,11.82,11.3,3,3.05,3
27,118,408,1,1,39,153.8,106,26.15,123.3,111,10.48,117.8,103,5.3,9.2,6,2.48,1
16,52,415,0,0,0,165.5,78,28.14,205.5,89,17.47,213.6,124,9.61,12.2,6,3.29,0
5,125,408,0,1,23,120.5,104,20.49,227.8,115,19.36,158.5,100,7.13,10.2,3,2.75,1
44,103,415,0,0,0,189.8,110,32.27,115.5,83,9.82,191.3,103,8.61,12.2,4,3.29,0
20,117,415,0,1,23,198.1,86,33.68,177.0,86,15.05,180.5,92,8.12,6.8,6,1.84,1
37,98,415,0,1,38,213.7,61,36.33,253.0,104,21.51,207.7,73,9.35,10.7,5,2.89,2
27,104,415,0,1,18,182.1,66,30.96,213.6,65,18.16,193.0,108,8.69,13.4,9,3.62,2
36,87,415,0,0,0,205.2,106,34.88,99.5,122,8.46,189.5,75,8.53,13.4,3,3.62,1
46,120,415,0,0,0,221.3,106,37.62,267.6,98,22.75,111.5,80,5.02,9.3,7,2.51,0
29,74,415,0,1,25,194.6,84,33.08,119.9,103,10.19,175.5,75,7.9,13.1,2,3.54,2
49,143,510,0,0,0,202.8,109,34.48,165.8,104,14.09,143.9,71,6.48,4.6,4,1.24,1
6,160,415,0,0,0,234.9,136,39.93,270.8,134,23.02,219.3,101,9.87,13.9,2,3.75,1
30,141,415,0,1,32,322.4,92,54.81,283.2,107,24.07,209.5,111,9.43,6.7,3,1.81,1
21,99,415,0,0,0,222.4,102,37.81,185.8,89,15.79,237.7,81,10.7,12.0,8,3.24,2
20,130,415,0,1,45,174.5,120,29.67,217.5,95,18.49,220.3,67,9.91,12.2,2,3.29,1
26,25,415,0,0,0,134.3,98,22.83,202.3,109,17.2,195.9,100,8.82,12.6,5,3.4,2
12,141,510,0,1,36,187.5,99,31.88,241.4,116,20.52,229.5,105,10.33,10.5,5,2.84,3
40,99,415,0,0,0,174.1,102,29.6,99.1,118,8.42,211.6,126,9.52,7.7,2,2.08,2
21,177,415,0,0,0,232.8,106,39.58,175.2,97,14.89,212.2,77,9.55,12.5,7,3.38,2
43,28,415,0,0,0,159.7,79,27.15,216.7,131,18.42,206.7,116,9.3,9.3,3,2.51,2
6,155,510,0,0,0,165.4,108,28.12,183.7,103,15.61,80.2,108,3.61,8.9,4,2.4,3
46,95,510,1,1,41,136.8,91,23.26,200.8,61,17.07,133.7,67,6.02,10.3,9,2.78,5
32,84,408,0,1,41,153.9,102,26.16,140.7,117,11.96,217.7,101,9.8,12.8,5,3.46,1
15,108,510,0,0,0,293.0,88,49.81,160.6,101,13.65,143.9,87,6.48,10.0,6,2.7,2
4,96,510,0,1,31,183.4,126,31.18,195.5,106,16.62,180.1,93,8.1,10.5,5,2.84,1
26,143,408,0,1,22,141.8,116,24.11,167.3,99,14.22,178.1,130,8.01,7.8,3,2.11,1
26,16,510,0,0,0,153.2,65,26.04,229.7,90,19.52,148.2,94,6.67,10.7,8,2.89,1
18,163,408,0,1,23,224.0,126,38.08,233.5,89,19.85,293.9,104,13.23,8.8,4,2.38,1
15,101,415,0,1,33,219.7,137,37.35,186.8,94,15.88,184.5,113,8.3,9.5,2,2.57,2
44,81,415,0,1,24,130.1,117,22.12,196.0,61,16.66,139.3,123,6.27,11.4,5,3.08,0
42,123,415,0,1,34,305.2,80,51.88,156.5,109,13.3,280.0,81,12.6,13.2,7,3.56,1
38,171,415,0,1,25,223.2,77,37.94,183.2,118,15.57,150.8,90,6.79,10.2,3,2.75,3
29,103,408,0,0,0,160.8,91,27.34,155.8,82,13.24,254.3,103,11.44,8.5,3,2.3,1
11,171,510,0,0,0,189.8,122,32.27,173.7,85,14.76,257.1,84,11.57,10.3,1,2.78,0
33,90,415,0,0,0,203.4,146,34.58,226.7,117,19.27,152.4,105,6.86,7.3,4,1.97,1
13,119,415,0,0,0,159.1,114,27.05,231.3,117,19.66,143.2,91,6.44,8.8,3,2.38,5
43,71,415,0,1,39,183.2,103,31.14,209.4,111,17.8,172.4,109,7.76,11.9,6,3.21,1
41,91,415,0,0,0,153.0,123,26.01,141.1,127,11.99,171.5,76,7.72,10.3,15,2.78,1
14,86,510,0,1,16,144.8,105,24.62,206.2,111,17.53,255.4,117,11.49,11.6,2,3.13,4
29,95,510,0,0,0,58.2,96,9.89,202.1,126,17.18,210.5,97,9.47,10.4,5,2.81,0
19,101,415,0,1,21,238.0,88,40.46,209.6,84,17.82,233.0,95,10.49,10.0,5,2.7,2
50,127,510,1,0,0,247.5,99,42.08,108.5,118,9.22,232.0,72,10.44,10.6,3,2.86,2
25,70,510,0,0,0,147.1,105,25.01,200.0,135,17.0,234.9,65,10.57,12.5,9,3.38,3
9,142,415,0,1,26,220.5,94,37.49,239.5,126,20.36,254.3,109,11.44,5.9,9,1.59,2
15,81,408,0,1,46,168.3,124,28.61,270.9,103,23.03,222.5,98,10.01,6.7,2,1.81,4
48,44,415,1,0,0,62.3,92,10.59,275.0,82,23.38,138.7,108,6.24,10.8,3,2.92,1
5,181,510,0,1,40,105.2,61,17.88,341.3,79,29.01,165.7,97,7.46,6.3,3,1.7,2
42,3,415,0,0,0,185.0,120,31.45,203.7,129,17.31,170.5,89,7.67,14.1,3,3.81,3
25,116,415,0,0,0,217.3,91,36.94,216.1,95,18.37,148.1,76,6.66,11.3,3,3.05,2
1,95,415,0,0,0,229.9,116,39.08,202.4,110,17.2,171.4,105,7.71,14.2,6,3.83,1
40,19,510,0,0,0,259.4,116,44.1,269.7,109,22.92,175.3,130,7.89,9.5,3,2.57,1
44,81,510,0,0,0,154.5,84,26.27,216.2,91,18.38,229.8,82,10.34,13.7,3,3.7,1
21,148,408,0,1,33,241.7,84,41.09,165.8,84,14.09,160.6,80,7.23,11.3,3,3.05,1
23,124,510,1,0,0,157.8,71,26.83,203.2,114,17.27,168.7,82,7.59,10.0,2,2.7,3
47,89,510,0,0,0,137.9,96,23.44,192.6,63,16.37,255.7,125,11.51,11.0,5,2.97,1
40,124,415,0,0,0,160.9,109,27.35,144.2,152,12.26,120.4,97,5.42,12.9,12,3.48,1
31,162,408,0,0,0,217.6,87,36.99,279.0,71,23.72,250.7,65,11.28,10.4,4,2.81,2
33,118,510,0,1,35,256.3,119,43.57,258.1,91,21.94,215.5,130,9.7,11.7,1,3.16,1
19,17,415,1,0,0,162.8,118,27.68,229.6,91,19.52,332.7,94,14.97,13.6,3,3.67,0
1,172,408,0,0,0,270.0,102,45.9,256.6,111,21.81,168.5,104,7.58,12.0,5,3.24,2
35,32,415,0,1,31,232.8,97,39.58,183.5,111,15.6,206.8,111,9.31,13.0,2,3.51,0
34,77,415,0,1,33,143.0,101,24.31,212.2,102,18.04,104.9,120,4.72,15.3,4,4.13,5
8,2,415,1,0,0,132.1,42,22.46,138.9,88,11.81,192.6,119,8.67,9.1,1,2.46,2
29,129,510,0,1,30,177.3,95,30.14,211.8,102,18.0,240.2,108,10.81,9.3,7,2.51,3
14,131,510,0,0,0,263.4,123,44.78,151.9,74,12.91,218.5,101,9.83,10.7,2,2.89,2
17,104,415,0,0,0,130.5,77,22.19,131.2,117,11.15,264.7,63,11.91,13.0,6,3.51,0
1,76,415,0,0,0,179.2,85,30.46,222.9,66,18.95,188.2,113,8.47,12.4,2,3.35,0
35,162,415,0,0,0,135.2,98,22.98,242.0,107,20.57,246.9,96,11.11,10.2,2,2.75,2
50,76,415,0,0,0,263.4,148,44.78,230.3,69,19.58,170.6,101,7.68,11.4,5,3.08,1
20,133,510,0,0,0,295.0,141,50.15,223.6,101,19.01,229.4,109,10.32,12.9,4,3.48,2
11,73,408,0,0,0,187.3,118,31.84,239.7,90,20.37,167.5,108,7.54,15.1,2,4.08,1
36,134,415,0,0,0,164.9,115,28.03,126.5,96,10.75,238.5,125,10.73,10.0,9,2.7,2
6,135,415,1,0,0,186.0,107,31.62,66.0,94,5.61,213.1,105,9.59,12.9,4,3.48,1
37,163,408,0,1,25,219.6,99,37.33,210.4,99,17.88,242.7,88,10.92,13.8,8,3.73,2
46,131,415,0,0,0,175.1,73,29.77,171.9,116,14.61,131.1,94,5.9,7.3,6,1.97,1
34,15,510,1,0,0,141.4,80,24.04,123.9,76,10.53,323.5,88,14.56,8.1,3,2.19,2
6,119,408,0,0,0,294.2,100,50.01,232.5,53,19.76,195.0,64,8.78,9.0,1,2.43,0
3,100,510,0,0,0,78.7,98,13.38,225.6,102,19.18,150.4,106,6.77,14.0,8,3.78,0
5,141,415,0,1,32,148.6,91,25.26,131.1,97,11.14,219.4,142,9.87,10.1,1,2.73,1
35,72,510,0,0,0,138.9,111,23.61,211.6,102,17.99,179.5,91,8.08,10.8,3,2.92,1
31,151,415,0,0,0,118.9,128,20.21,278.3,65,23.66,194.8,61,8.77,13.2,10,3.56,2
13,173,510,0,1,21,232.4,96,39.51,211.9,118,18.01,273.0,102,12.29,5.0,5,1.35,3
36,125,408,0,0,0,229.3,103,38.98,177.4,126,15.08,189.3,95,8.52,12.0,8,3.24,1
29,88,408,0,1,28,190.6,104,32.4,237.3,105,20.17,211.6,116,9.52,9.8,1,2.65,2
29,155,408,0,1,21,195.9,91,33.3,213.9,84,18.18,88.2,111,3.97,8.6,4,2.32,0
48,165,408,0,0,0,156.0,88,26.52,276.1,81,23.47,175.9,94,7.92,9.3,5,2.51,1
35,160,415,0,0,0,206.3,66,35.07,241.1,109,20.49,227.8,102,10.25,11.7,6,3.16,0
34,65,510,0,0,0,195.4,110,33.22,181.2,109,15.4,178.5,105,8.03,8.9,4,2.4,0
2,129,415,0,0,0,157.0,113,26.69,256.9,97,21.84,185.5,126,8.35,12.1,2,3.27,2
19,57,510,0,0,0,154.2,78,26.21,196.7,85,16.72,253.5,97,11.41,10.1,9,2.73,1
18,150,415,0,0,0,136.6,112,23.22,209.4,81,17.8,161.1,78,7.25,12.2,2,3.29,4
23,157,510,0,0,0,185.1,92,31.47,213.0,85,18.11,196.1,85,8.82,8.5,5,2.3,2
27,116,408,0,1,19,155.7,104,26.47,185.4,118,15.76,192.7,116,8.67,8.2,2,2.21,3
15,148,415,0,1,26,158.7,91,26.98,160.5,127,13.64,218.3,88,9.82,9.9,3,2.67,1
35,75,510,0,1,27,117.5,102,19.98,206.8,127,17.58,194.4,114,8.75,4.2,7,1.13,3
32,104,415,0,0,0,164.2,109,27.91,155.4,90,13.21,168.9,117,7.6,10.7,8,2.89,1
44,243,510,0,0,0,95.5,92,16.24,163.7,63,13.91,264.2,118,11.89,6.6,6,1.78,2
40,108,415,0,0,0,112.0,105,19.04,193.7,110,16.46,208.9,93,9.4,4.1,4,1.11,4
43,75,415,1,0,0,222.4,78,37.81,327.0,111,27.8,208.0,104,9.36,8.7,9,2.35,1
5,141,415,0,0,0,126.9,98,21.57,180.0,62,15.3,140.8,128,6.34,8.0,2,2.16,1
15,86,510,0,0,0,216.3,96,36.77,266.3,77,22.64,214.0,110,9.63,4.5,3,1.22,0
8,78,408,0,0,0,139.2,140,23.66,191.4,113,16.27,286.5,125,12.89,11.8,3,3.19,3
6,152,408,0,1,20,239.1,105,40.65,209.1,111,17.77,268.2,130,12.07,13.3,3,3.59,5
19,80,408,0,1,36,190.3,115,32.35,256.6,78,21.81,214.9,145,9.67,3.8,4,1.03,1
3,86,415,0,1,32,70.9,163,12.05,166.7,121,14.17,244.9,105,11.02,11.1,5,3.0,3
6,102,415,0,1,25,137.4,100,23.36,176.7,83,15.02,188.2,93,8.47,10.2,6,2.75,2
5,86,415,0,0,0,217.8,93,37.03,214.7,95,18.25,228.7,70,10.29,11.3,7,3.05,0
29,194,408,0,0,0,48.4,101,8.23,281.1,138,23.89,218.5,87,9.83,18.2,1,4.91,1
43,119,510,0,0,0,81.9,75,13.92,253.8,114,21.57,213.1,125,9.59,8.9,1,2.4,2
28,75,408,0,1,24,225.5,119,38.34,182.0,108,15.47,270.9,106,12.19,9.4,2,2.54,3
33,102,415,0,0,0,144.4,87,24.55,266.5,128,22.65,217.6,59,9.79,7.1,7,1.92,0
41,27,510,0,0,0,226.3,95,38.47,274.3,109,23.32,242.7,119,10.92,8.2,3,2.21,2
1,119,415,0,0,0,98.8,97,16.8,146.9,68,12.49,190.7,105,8.58,10.0,4,2.7,3
47,103,415,0,0,0,204.9,107,34.83,135.2,102,11.49,208.2,106,9.37,10.4,3,2.81,5
49,125,415,0,0,0,206.0,128,35.02,198.1,71,16.84,135.9,116,6.12,13.2,3,3.56,0
43,150,510,0,0,0,178.9,101,30.41,169.1,110,14.37,148.6,100,6.69,13.8,3,3.73,4
29,78,510,0,1,32,210.3,116,35.75,192.2,83,16.34,246.1,92,11.07,10.8,4,2.92,6
41,119,510,0,0,0,94.2,108,16.01,264.1,100,22.45,203.7,79,9.17,7.3,3,1.97,1
37,155,408,0,1,30,128.5,86,21.85,188.4,91,16.01,254.4,85,11.45,6.8,6,1.84,1
32,155,415,0,0,0,190.3,123,32.35,301.3,96,25.61,214.6,134,9.66,8.0,3,2.16,1
30,84,408,0,1,30,106.5,65,18.11,225.7,108,19.18,188.6,61,8.49,5.7,3,1.54,2
46,46,408,0,0,0,196.7,85,33.44,205.9,74,17.5,216.6,112,9.75,11.2,5,3.02,3
50,127,415,1,1,28,95.9,117,16.3,159.5,131,13.56,152.8,132,6.88,10.4,3,2.81,1
20,106,510,0,0,0,213.9,95,36.36,151.9,70,12.91,260.1,124,11.7,12.2,5,3.29,3
38,134,408,0,0,0,205.3,122,34.9,240.5,155,20.44,179.1,107,8.06,5.0,9,1.35,1
21,97,510,0,0,0,211.0,76,35.87,189.0,100,16.07,123.0,102,5.54,4.7,4,1.27,3
19,73,408,0,0,0,94.1,136,16.0,280.3,122,23.83,205.0,77,9.23,9.8,4,2.65,0
19,62,415,1,0,0,159.7,86,27.15,197.5,76,16.79,121.6,105,5.47,13.9,6,3.75,0
33,53,415,0,0,0,168.8,97,28.7,220.3,87,18.73,154.3,113,6.94,10.9,2,2.94,0
3,138,415,0,0,0,240.8,104,40.94,144.5,92,12.28,125.7,98,5.66,11.6,1,3.13,0
40,209,510,0,0,0,255.1,124,43.37,230.6,110,19.6,218.0,69,9.81,8.5,5,2.3,3
48,73,415,0,0,0,214.2,90,36.41,196.8,78,16.73,157.9,112,7.11,5.9,8,1.59,0
40,145,408,0,0,0,39.5,78,6.72,264.3,106,22.47,185.8,90,8.36,10.0,6,2.7,0
19,103,415,0,0,0,185.0,117,31.45,223.3,94,18.98,222.8,91,10.03,12.6,2,3.4,2
45,182,415,0,0,0,176.1,90,29.94,174.9,106,14.87,234.7,134,10.56,9.7,4,2.62,1
15,119,510,0,0,0,154.5,129,26.27,193.6,87,16.46,180.9,145,8.14,13.4,3,3.62,2
34,92,408,0,0,0,265.6,82,45.15,180.7,75,15.36,211.1,113,9.5,8.6,2,2.32,1
25,126,415,0,0,0,228.7,102,38.88,168.7,99,14.34,223.5,100,10.06,11.8,4,3.19,1
41,114,415,0,1,25,129.0,77,21.93,290.0,110,24.65,177.1,110,7.97,11.6,5,3.13,1
14,149,408,0,0,0,69.1,117,11.75,136.3,100,11.59,181.7,53,8.18,6.3,3,1.7,1
8,131,408,0,0,0,94.4,80,16.05,215.1,101,18.28,179.7,108,8.09,13.1,9,3.54,2
41,93,415,0,0,0,176.1,103,29.94,199.7,130,16.97,263.9,96,11.88,8.5,6,2.3,2
37,133,415,0,0,0,143.8,71,24.45,184.0,131,15.64,275.5,132,12.4,12.9,4,3.48,3
18,123,415,0,1,33,146.6,87,24.92,114.8,59,9.76,220.4,99,9.92,2.9,7,0.78,0
49,75,415,0,0,0,111.7,121,18.99,237.3,119,20.17,253.5,110,11.41,13.1,6,3.54,1
44,68,415,0,0,0,162.1,86,27.56,155.0,86,13.18,189.7,87,8.54,11.0,9,2.97,5
43,123,408,0,0,0,260.9,85,44.35,168.5,103,14.32,178.3,91,8.02,13.3,5,3.59,3
34,94,510,1,0,0,243.2,109,41.34,147.0,88,12.5,94.9,99,4.27,7.2,4,1.94,4
11,105,415,0,0,0,211.1,99,35.89,176.7,66,15.02,221.5,96,9.97,14.7,7,3.97,4
4,79,510,0,0,0,157.6,85,26.79,194.1,92,16.5,231.5,86,10.42,9.4,10,2.54,5
46,94,408,0,0,0,118.7,90,20.18,205.1,57,17.43,172.2,100,7.75,10.4,6,2.81,3
8,148,415,0,0,0,124.4,83,21.15,179.7,81,15.27,253.0,99,11.39,11.3,6,3.05,0
1,91,510,1,0,0,129.9,112,22.08,173.3,83,14.73,247.2,130,11.12,11.2,3,3.02,3
13,42,415,0,0,0,92.2,108,15.67,211.2,120,17.95,129.1,73,5.81,13.1,6,3.54,1
48,89,415,0,0,0,326.3,112,55.47,165.1,110,14.03,162.9,97,7.33,7.5,1,2.03,1
39,87,510,1,0,0,134.2,80,22.81,165.0,71,14.03,173.1,102,7.79,10.7,5,2.89,0
3,62,408,0,1,42,137.3,95,23.34,184.2,94,15.66,231.4,70,10.41,10.2,3,2.75,0
27,112,415,0,0,0,193.3,96,32.86,264.1,123,22.45,128.6,115,5.79,9.1,3,2.46,4
44,37,510,0,0,0,271.7,112,46.19,155.1,96,13.18,199.5,97,8.98,6.6,4,1.78,3
11,49,510,0,0,0,119.3,117,20.28,215.1,109,18.28,178.7,90,8.04,11.1,1,3.0,1
50,120,415,0,1,24,227.5,81,38.68,234.9,71,19.97,166.4,128,7.49,9.0,13,2.43,1
3,130,415,0,0,0,183.0,112,31.11,72.9,99,6.2,181.8,78,8.18,9.5,19,2.57,0
5,130,408,0,0,0,271.8,129,46.21,237.2,128,20.16,210.1,91,9.45,8.7,2,2.35,4
31,111,510,0,0,0,176.9,128,30.07,102.8,56,8.74,213.7,84,9.62,10.5,2,2.84,4
36,74,415,0,0,0,200.4,87,34.07,309.2,105,26.28,152.1,118,6.84,10.0,2,2.7,1
27,86,510,0,0,0,190.5,115,32.39,179.6,130,15.27,258.5,89,11.63,10.1,5,2.73,3
26,96,415,0,0,0,97.6,98,16.59,105.5,118,8.97,220.2,105,9.91,11.6,9,3.13,1
47,161,415,0,0,0,151.6,117,25.77,219.4,87,18.65,224.7,68,10.11,4.0,5,1.08,1
49,121,415,0,0,0,103.3,110,17.56,129.1,82,10.97,167.1,113,7.52,10.7,3,2.89,0
32,141,415,0,1,28,206.9,126,35.17,264.4,126,22.47,171.8,124,7.73,9.3,11,2.51,2
29,189,415,0,1,38,256.7,98,43.64,150.5,120,12.79,123.0,87,5.54,11.4,3,3.08,3
22,70,510,0,0,0,129.9,102,22.08,208.7,133,17.74,231.4,93,10.41,14.3,3,3.86,1
44,90,415,0,0,0,261.8,128,44.51,220.6,104,18.75,136.6,91,6.15,9.6,5,2.59,1
13,160,415,0,0,0,85.8,77,14.59,165.3,110,14.05,178.5,92,8.03,9.2,4,2.48,3
49,111,510,0,0,0,214.3,118,36.43,208.5,76,17.72,182.4,98,8.21,12.0,2,3.24,1
23,99,408,0,0,0,128.8,86,21.9,203.9,105,17.33,282.6,131,12.72,14.1,4,3.81,2
2,109,510,0,0,0,153.1,102,26.03,234.1,77,19.9,329.2,74,14.81,9.9,9,2.67,3
26,94,510,0,0,0,163.5,136,27.8,143.7,111,12.21,253.4,82,11.4,12.6,5,3.4,1
39,53,408,0,1,18,146.8,107,24.96,310.0,84,26.35,178.7,130,8.04,7.2,7,1.94,0
0,48,415,0,1,37,211.7,115,35.99,159.9,84,13.59,144.1,80,6.48,12.2,1,3.29,1
1,85,408,0,1,30,173.1,107,29.43,247.2,101,21.01,158.7,104,7.14,11.5,5,3.11,1
14,134,408,0,0,0,183.8,111,31.25,123.5,92,10.5,160.7,105,7.23,6.1,2,1.65,1
46,126,415,0,0,0,226.2,88,38.45,140.3,114,11.93,208.9,110,9.4,6.4,2,1.73,0
44,81,415,0,0,0,129.9,121,22.08,230.1,105,19.56,140.5,123,6.32,13.3,3,3.59,0
26,51,415,0,1,26,236.8,61,40.26,263.4,97,22.39,181.1,91,8.15,11.2,8,3.02,1
36,125,415,0,1,36,201.3,117,34.22,42.2,78,3.59,125.7,104,5.66,5.4,3,1.46,1
36,44,408,0,0,0,288.8,86,49.1,175.9,87,14.95,215.4,106,9.69,9.5,2,2.57,0
18,98,408,0,0,0,136.1,82,23.14,156.3,118,13.29,158.8,83,7.15,10.1,5,2.73,2
45,150,510,0,0,0,169.2,123,28.76,216.8,83,18.43,179.4,107,8.07,12.6,3,3.4,1
3,73,415,0,0,0,175.4,130,29.82,248.1,105,21.09,122.4,85,5.51,12.2,4,3.29,0
20,116,510,1,1,27,175.5,137,29.84,210.6,60,17.9,294.8,121,13.27,6.9,5,1.86,1
21,66,510,0,0,0,207.7,85,35.31,196.7,112,16.72,261.7,83,11.78,6.8,3,1.84,1
49,104,415,0,0,0,225.9,123,38.4,162.8,106,13.84,272.1,85,12.24,10.1,4,2.73,1
6,107,408,0,0,0,90.7,90,15.42,207.5,109,17.64,169.4,96,7.62,5.6,5,1.51,2
44,161,510,1,0,0,194.2,106,33.01,249.4,105,21.2,254.9,129,11.47,12.9,1,3.48,1
3,48,415,0,1,27,141.1,109,23.99,224.7,94,19.1,174.3,122,7.84,13.2,2,3.56,1
44,85,510,0,0,0,212.3,107,36.09,228.4,103,19.41,163.3,116,7.35,7.7,3,2.08,0
12,44,415,0,0,0,308.6,139,52.46,150.8,94,12.82,198.7,66,8.94,7.3,3,1.97,4
49,173,510,0,0,0,109.4,103,18.6,101.3,111,8.61,167.3,106,7.53,7.8,7,2.11,1
27,64,408,0,1,19,180.1,106,30.62,127.5,92,10.84,237.4,118,10.68,7.5,3,2.03,0
7,157,510,0,1,29,219.2,102,37.26,206.0,109,17.51,192.4,117,8.66,15.0,5,4.05,1
27,115,510,1,0,0,251.3,69,42.72,252.5,96,21.46,118.3,112,5.32,9.9,1,2.67,3
0,156,510,0,0,0,123.7,96,21.03,103.0,80,8.76,189.4,82,8.52,13.1,4,3.54,1
37,101,415,0,0,0,118.6,89,20.16,199.6,97,16.97,53.3,61,2.4,11.5,5,3.11,1
32,118,510,0,0,0,205.2,115,34.88,184.8,137,15.71,176.1,115,7.92,7.0,6,1.89,0
48,102,408,0,0,0,200.6,106,34.1,152.5,127,12.96,199.4,128,8.97,7.7,2,2.08,3
17,115,510,0,0,0,99.7,107,16.95,145.1,96,12.33,149.4,99,6.72,14.1,4,3.81,2
46,109,408,0,0,0,222.2,113,37.77,218.5,122,18.57,266.0,88,11.97,10.9,5,2.94,1
42,127,408,0,1,22,166.0,114,28.22,174.5,103,14.83,244.9,68,11.02,10.2,6,2.75,1
27,26,415,0,0,0,234.5,109,39.87,216.5,129,18.4,191.6,94,8.62,3.5,6,0.95,3
49,86,415,0,0,0,136.4,104,23.19,202.5,110,17.21,230.7,86,10.38,11.5,1,3.11,3
6,40,510,1,0,0,220.8,100,37.54,265.7,106,22.58,212.8,94,9.58,6.4,3,1.73,0
5,63,415,0,1,32,30.9,113,5.25,187.0,113,15.9,230.8,101,10.39,8.6,7,2.32,1
6,106,510,0,1,33,81.6,120,13.87,235.6,85,20.03,150.9,113,6.79,9.9,4,2.67,1
10,136,415,0,0,0,163.4,83,27.78,249.3,119,21.19,249.7,90,11.24,9.8,4,2.65,7
37,142,510,0,1,22,224.4,114,38.15,146.0,106,12.41,241.4,98,10.86,8.8,2,2.38,1
19,56,510,0,0,0,253.2,95,43.04,188.0,116,15.98,142.0,133,6.39,4.4,4,1.19,1
25,111,415,0,1,36,96.8,123,16.46,170.6,105,14.5,166.0,85,7.47,13.4,4,3.62,2
21,137,510,0,0,0,110.5,79,18.79,223.2,111,18.97,169.5,64,7.63,10.5,3,2.84,3
11,24,415,0,0,0,156.2,104,26.55,90.0,101,7.65,205.1,116,9.23,7.3,5,1.97,1
33,76,510,1,0,0,241.0,120,40.97,231.8,96,19.7,220.2,67,9.91,9.9,1,2.67,1
8,171,510,0,1,17,186.9,94,31.77,240.0,138,20.4,200.9,64,9.04,5.8,3,1.57,1
0,86,408,0,0,0,150.8,85,25.64,295.9,88,25.15,247.2,104,11.12,12.5,1,3.38,1
14,123,408,0,0,0,114.8,94,19.52,150.0,104,12.75,268.6,119,12.09,9.6,4,2.59,2
37,33,415,1,0,0,190.6,100,32.4,161.7,104,13.74,189.9,136,8.55,13.0,6,3.51,1
1,49,415,0,1,28,214.4,78,36.45,235.2,100,19.99,206.2,107,9.28,8.0,13,2.16,3
12,40,510,0,0,0,169.7,115,28.85,141.4,123,12.02,253.0,115,11.39,10.5,3,2.84,4
40,88,510,0,0,0,73.3,86,12.46,161.4,82,13.72,239.6,76,10.78,8.2,3,2.21,4
17,122,408,0,1,27,253.7,84,43.13,229.2,109,19.48,190.5,123,8.57,9.2,5,2.48,7
40,41,408,0,0,0,237.8,92,40.43,223.5,155,19.0,217.4,90,9.78,10.2,6,2.75,2
9,84,510,0,0,0,191.0,88,32.47,318.8,119,27.1,247.3,79,11.13,6.5,4,1.76,0
11,119,408,0,1,24,217.2,94,36.92,138.7,52,11.79,139.3,85,6.27,11.3,4,3.05,0
0,59,510,0,0,0,182.5,104,31.03,204.7,95,17.4,229.9,100,10.35,11.3,8,3.05,4
42,105,408,0,0,0,206.2,84,35.05,256.4,138,21.79,117.1,91,5.27,9.0,3,2.43,1
28,81,408,1,1,37,237.1,76,40.31,264.2,125,22.46,271.3,120,12.21,7.9,3,2.13,1
47,171,408,0,0,0,270.5,69,45.99,230.0,112,19.55,136.0,111,6.12,9.6,5,2.59,1
20,83,510,0,0,0,78.1,70,13.28,239.3,115,20.34,144.4,112,6.5,12.3,4,3.32,1
20,120,415,0,1,40,128.1,99,21.78,247.7,78,21.05,199.7,121,8.99,15.6,3,4.21,0
49,124,415,0,0,0,312.0,112,53.04,180.0,109,15.3,168.6,94,7.59,12.8,4,3.46,1
6,105,408,0,0,0,213.4,100,36.28,204.9,52,17.42,179.7,93,8.09,9.5,6,2.57,1
6,87,415,0,0,0,240.0,83,40.8,134.1,106,11.4,189.1,84,8.51,9.3,2,2.51,0
20,37,415,1,0,0,106.6,76,18.12,147.4,89,12.53,235.8,113,10.61,9.6,8,2.59,2
6,67,415,0,0,0,115.5,70,19.64,252.2,143,21.44,208.9,91,9.4,7.5,6,2.03,0
16,170,415,0,1,42,199.5,119,33.92,135.0,90,11.48,184.6,49,8.31,10.9,3,2.94,4
49,70,510,0,1,30,143.4,72,24.38,170.0,92,14.45,127.9,68,5.76,9.4,4,2.54,3
0,97,415,0,1,24,176.1,109,29.94,159.4,81,13.55,269.1,94,12.11,12.1,9,3.27,0
1,102,415,0,0,0,123.1,106,20.93,182.0,102,15.47,244.6,75,11.01,12.6,7,3.4,2
12,92,510,0,1,25,134.0,112,22.78,206.0,111,17.51,180.6,118,8.13,9.7,4,2.62,0
23,125,415,1,1,29,260.8,81,44.34,163.7,112,13.91,271.7,117,12.23,17.0,6,4.59,1
3,94,408,0,1,38,170.1,124,28.92,193.3,116,16.43,105.9,73,4.77,12.8,4,3.46,1
4,112,415,0,0,0,208.7,150,35.48,212.8,104,18.09,178.1,98,8.01,8.5,4,2.3,0
36,110,510,0,0,0,188.0,127,31.96,90.5,118,7.69,150.3,64,6.76,15.3,3,4.13,3
10,132,415,0,0,0,176.7,132,30.04,244.1,80,20.75,176.3,120,7.93,9.1,4,2.46,2
47,134,408,0,0,0,208.3,86,35.41,253.6,89,21.56,291.0,86,13.1,12.6,3,3.4,1
35,86,415,0,1,29,225.4,79,38.32,187.1,112,15.9,281.1,112,12.65,12.9,3,3.48,1
34,11,415,0,0,0,143.4,130,24.38,289.4,50,24.6,194.0,100,8.73,9.7,6,2.62,2
35,127,408,0,0,0,139.6,94,23.73,240.9,112,20.48,127.1,88,5.72,8.8,4,2.38,2
28,153,415,0,1,31,218.5,130,37.15,134.2,103,11.41,118.9,105,5.35,9.4,6,2.54,0
34,171,415,0,0,0,137.5,110,23.38,198.1,109,16.84,292.7,131,13.17,13.3,5,3.59,2
6,89,415,0,0,0,82.3,77,13.99,167.2,80,14.21,194.7,70,8.76,7.2,4,1.94,1
40,78,415,0,1,21,160.6,85,27.3,223.1,79,18.96,124.0,92,5.58,9.5,1,2.57,2
15,141,415,0,1,39,116.9,127,19.87,276.5,88,23.5,289.9,125,13.05,12.3,2,3.32,0
1,106,415,0,0,0,223.0,121,37.91,110.1,98,9.36,188.7,107,8.49,7.1,12,1.92,0
20,45,415,0,0,0,78.2,127,13.29,253.4,108,21.54,255.0,100,11.48,18.0,3,4.86,1
8,115,415,0,0,0,195.9,111,33.3,227.0,108,19.3,313.2,113,14.09,13.2,1,3.56,2
36,121,408,0,1,31,237.1,63,40.31,205.6,117,17.48,196.7,85,8.85,10.1,5,2.73,4
39,180,415,0,0,0,143.3,134,24.36,180.5,113,15.34,184.2,87,8.29,10.1,4,2.73,1
37,112,510,0,0,0,206.2,122,35.05,164.5,94,13.98,140.3,101,6.31,12.6,7,3.4,3
39,73,415,0,0,0,241.7,115,41.09,168.5,133,14.32,169.8,122,7.64,11.1,2,3.0,2
2,179,415,1,1,38,220.1,78,37.42,234.3,71,19.92,237.3,85,10.68,10.1,4,2.73,4
27,107,415,0,1,38,204.2,57,34.71,205.9,92,17.5,286.5,80,12.89,8.3,4,2.24,0
13,77,510,0,0,0,189.5,112,32.22,207.0,95,17.6,214.1,91,9.63,9.2,7,2.48,0
27,103,510,0,0,0,166.6,84,28.32,192.4,91,16.35,167.9,115,7.56,7.7,6,2.08,1
35,125,408,0,0,0,106.1,95,18.04,157.6,113,13.4,192.5,69,8.66,8.1,3,2.19,1
15,78,415,0,0,0,208.9,119,35.51,252.4,132,21.45,280.2,120,12.61,12.8,7,3.46,0
37,89,415,0,1,12,188.0,105,31.96,151.3,107,12.86,201.9,132,9.09,10.5,3,2.84,2
12,89,415,0,1,35,174.4,108,29.65,196.7,100,16.72,127.4,74,5.73,11.8,3,3.19,1
21,75,408,1,0,0,211.3,61,35.92,105.6,119,8.98,175.9,63,7.92,9.7,4,2.62,4
8,115,408,0,0,0,127.7,67,21.71,182.9,90,15.55,172.9,92,7.78,10.6,7,2.86,1
18,99,415,0,0,0,241.1,72,40.99,155.6,98,13.23,188.2,109,8.47,11.6,10,3.13,1
47,136,415,0,1,16,90.4,105,15.37,201.3,109,17.11,227.1,115,10.22,13.1,4,3.54,0
22,67,510,0,1,35,245.4,89,41.72,148.2,102,12.6,274.0,136,12.33,7.5,6,2.03,1
34,140,415,0,0,0,235.5,81,40.04,257.2,130,21.86,103.1,111,4.64,11.5,4,3.11,2
12,126,408,0,1,27,186.2,78,31.65,189.6,83,16.12,76.5,139,3.44,9.6,3,2.59,2
5,154,415,0,0,0,350.8,75,59.64,216.5,94,18.4,253.9,100,11.43,10.1,9,2.73,1
48,140,415,0,0,0,129.6,79,22.03,246.2,99,20.93,172.1,124,7.74,9.4,10,2.54,3
13,82,415,0,0,0,266.9,83,45.37,229.7,74,19.52,251.7,99,11.33,11.0,6,2.97,3
11,148,510,1,0,0,218.9,88,37.21,208.0,85,17.68,203.3,99,9.15,11.1,4,3.0,0
3,108,415,0,0,0,193.3,126,32.86,154.7,85,13.15,174.8,98,7.87,9.4,6,2.54,3
34,9,408,0,1,31,193.8,130,32.95,202.6,98,17.22,191.2,102,8.6,13.3,2,3.59,1
49,161,415,0,0,0,191.9,113,32.62,70.9,87,6.03,204.8,107,9.22,13.4,4,3.62,4
9,130,415,0,0,0,207.1,70,35.21,200.1,115,17.01,194.2,100,8.74,12.4,2,3.35,1
42,110,415,0,0,0,227.7,88,38.71,170.0,96,14.45,128.7,57,5.79,11.7,5,3.16,1
8,122,510,0,0,0,157.1,134,26.71,184.9,122,15.72,197.2,59,8.87,8.5,5,2.3,4
2,87,408,0,0,0,185.8,119,31.59,192.3,83,16.35,200.0,96,9.0,6.6,4,1.78,1
11,70,415,0,0,0,197.3,91,33.54,305.8,81,25.99,171.0,105,7.69,6.7,6,1.81,1
46,93,408,0,0,0,149.6,120,25.43,200.7,85,17.06,181.2,107,8.15,14.3,9,3.86,0
23,116,510,0,0,0,201.8,82,34.31,231.5,95,19.68,226.1,130,10.17,16.5,5,4.46,0
16,128,510,0,0,0,268.1,95,45.58,120.5,126,10.24,220.8,121,9.94,14.4,6,3.89,2
49,145,415,0,0,0,129.4,97,22.0,185.4,101,15.76,204.7,106,9.21,1.1,2,0.3,2
41,27,408,0,0,0,236.7,110,40.24,231.9,92,19.71,164.7,85,7.41,12.7,6,3.43,1
28,146,408,0,1,19,176.6,88,30.02,162.7,66,13.83,215.5,98,9.7,14.6,6,3.94,1
24,147,415,1,0,0,157.0,79,26.69,103.1,94,8.76,211.8,96,9.53,7.1,6,1.92,0
44,93,415,0,0,0,164.9,68,28.03,210.4,86,17.88,229.4,104,10.32,7.8,4,2.11,2
49,57,415,1,1,17,236.5,94,40.21,163.1,94,13.86,236.7,117,10.65,12.2,3,3.29,2
35,114,415,0,0,0,191.5,88,32.56,175.2,78,14.89,220.3,118,9.91,0.0,0,0.0,0
8,113,415,0,0,0,239.7,47,40.75,282.9,110,24.05,238.4,88,10.73,8.7,3,2.35,2
48,111,415,0,1,36,166.2,54,28.25,238.8,109,20.3,108.8,92,4.9,11.2,2,3.02,3
18,154,510,0,0,0,166.9,99,28.37,154.9,97,13.17,189.4,89,8.52,7.2,5,1.94,0
1,16,415,0,0,0,161.9,100,27.52,230.1,138,19.56,148.8,78,6.7,10.2,11,2.75,3
5,119,408,0,0,0,124.3,68,21.13,207.1,88,17.6,157.4,93,7.08,14.8,1,4.0,0
21,57,415,0,0,0,221.1,101,37.59,236.7,65,20.12,252.3,137,11.35,9.5,1,2.57,0
50,104,415,0,0,0,138.7,100,23.58,215.4,58,18.31,164.3,98,7.39,4.9,4,1.32,2
7,63,408,0,0,0,83.0,64,14.11,177.0,106,15.05,245.7,89,11.06,13.0,3,3.51,0
46,100,415,0,1,25,215.9,90,36.7,257.9,92,21.92,180.2,157,8.11,11.6,4,3.13,1
49,83,415,0,1,37,78.5,109,13.35,210.5,101,17.89,179.7,102,8.09,11.8,4,3.19,1
21,108,510,0,0,0,246.2,102,41.85,202.4,134,17.2,180.1,95,8.1,9.4,5,2.54,1
45,90,408,0,0,0,222.0,93,37.74,187.0,103,15.9,282.3,124,12.7,12.4,6,3.35,2
12,118,415,0,0,0,136.1,120,23.14,204.2,103,17.36,228.2,90,10.27,11.3,4,3.05,1
22,86,415,0,1,28,221.6,74,37.67,288.4,100,24.51,240.3,105,10.81,9.0,2,2.43,1
29,91,510,0,0,0,159.0,109,27.03,255.1,142,21.68,82.4,73,3.71,10.1,4,2.73,0
35,63,415,1,1,36,199.0,110,33.83,291.3,111,24.76,197.6,92,8.89,11.0,6,2.97,1
22,86,408,0,0,0,148.2,71,25.19,285.1,91,24.23,166.4,155,7.49,6.2,3,1.67,2
33,81,415,0,1,28,167.9,147,28.54,190.7,105,16.21,193.0,103,8.69,9.2,6,2.48,4
30,97,408,0,1,28,283.1,93,48.13,185.4,98,15.76,312.8,78,14.08,6.1,8,1.65,1
26,73,415,0,0,0,160.1,110,27.22,213.3,72,18.13,174.1,72,7.83,13.0,4,3.51,0
39,123,510,0,1,23,245.0,88,41.65,265.0,105,22.53,239.7,108,10.79,14.9,3,4.02,2
40,181,408,0,0,0,229.9,130,39.08,144.4,93,12.27,262.4,110,11.81,14.2,4,3.83,2
39,33,415,0,0,0,184.4,111,31.35,203.8,110,17.32,237.4,100,10.68,9.3,5,2.51,3
33,148,510,0,0,0,216.2,95,36.75,185.7,105,15.78,300.0,143,13.5,10.0,5,2.7,2
20,83,408,0,1,38,107.9,90,18.34,140.4,94,11.93,253.6,79,11.41,10.5,2,2.84,0
20,90,415,0,0,0,145.6,103,24.75,197.1,137,16.75,294.5,83,13.25,10.5,4,2.84,0
44,110,408,0,0,0,192.6,102,32.74,178.9,118,15.21,214.6,74,9.66,9.4,4,2.54,1
31,35,408,0,0,0,158.6,67,26.96,130.4,96,11.08,229.8,80,10.34,6.9,5,1.86,2
37,124,510,0,0,0,169.3,108,28.78,178.6,91,15.18,242.3,82,10.9,12.2,3,3.29,1
35,146,415,0,0,0,169.5,93,28.82,230.9,71,19.63,269.8,115,12.14,9.0,7,2.43,2
15,122,408,0,0,0,170.5,94,28.99,173.7,109,14.76,248.6,75,11.19,11.3,2,3.05,1
8,105,415,1,0,0,150.0,106,25.5,293.8,123,24.97,250.7,65,11.28,10.3,7,2.78,3
36,149,510,1,0,0,180.9,79,30.75,194.9,83,16.57,197.8,109,8.9,8.8,9,2.38,3
12,45,510,0,0,0,159.8,91,27.17,120.4,86,10.23,163.0,93,7.34,10.6,3,2.86,2
28,110,415,0,0,0,135.1,109,22.97,205.2,99,17.44,166.3,119,7.48,11.7,4,3.16,1
27,110,408,0,0,0,159.5,145,27.12,202.3,101,17.2,256.0,96,11.52,16.7,2,4.51,2
33,110,408,0,1,34,192.3,114,32.69,129.3,114,10.99,136.3,102,6.13,6.3,12,1.7,1
26,58,510,0,1,29,240.4,80,40.87,118.9,91,10.11,164.2,108,7.39,11.2,3,3.02,1
11,101,415,0,1,24,114.1,95,19.4,161.5,86,13.73,176.3,90,7.93,13.0,9,3.51,2
26,78,415,0,0,0,191.7,122,32.59,241.4,88,20.52,203.5,86,9.16,9.1,5,2.46,1
24,123,415,0,0,0,206.9,85,35.17,244.7,78,20.8,221.5,136,9.97,7.7,2,2.08,3
28,136,510,1,0,0,256.8,90,43.66,230.1,104,19.56,143.6,82,6.46,9.1,10,2.46,3
18,118,408,0,0,0,187.4,97,31.86,177.8,89,15.11,233.4,97,10.5,12.2,6,3.29,1
1,91,408,1,0,0,151.8,115,25.81,103.6,116,8.81,156.3,86,7.03,12.2,4,3.29,1
5,107,415,0,0,0,167.3,100,28.44,163.9,79,13.93,185.9,100,8.37,6.7,5,1.81,2
21,105,510,0,0,0,212.0,113,36.04,226.6,128,19.26,193.6,114,8.71,8.9,7,2.4,3
32,94,415,0,0,0,108.0,79,18.36,241.9,152,20.56,252.1,92,11.34,10.4,3,2.81,3
34,137,415,1,0,0,174.0,123,29.58,161.3,115,13.71,260.7,98,11.73,11.4,3,3.08,2
33,96,408,0,0,0,197.7,68,33.61,250.5,53,21.29,181.2,67,8.15,10.5,3,2.84,3
50,127,510,1,0,0,242.2,102,41.17,226.1,80,19.22,252.0,96,11.34,13.9,5,3.75,2
24,76,510,0,0,0,129.7,84,22.05,177.5,80,15.09,228.9,87,10.3,7.5,3,2.03,5
31,107,415,0,0,0,212.1,95,36.06,150.1,88,12.76,219.8,111,9.89,7.7,2,2.08,3
3,70,415,0,0,0,104.7,112,17.8,82.2,104,6.99,169.4,110,7.62,15.8,7,4.27,3
11,190,408,0,0,0,150.9,86,25.65,268.6,129,22.83,179.9,73,8.1,14.7,1,3.97,1
9,91,510,1,1,24,93.5,112,15.9,183.4,128,15.59,240.7,133,10.83,9.9,3,2.67,0
46,120,415,0,0,0,149.2,98,25.36,193.6,88,16.46,248.9,119,11.2,11.1,5,3.0,1
16,105,415,1,0,0,273.9,119,46.56,278.6,103,23.68,255.3,90,11.49,10.9,7,2.94,1
40,88,408,0,0,0,153.5,94,26.1,251.7,118,21.39,182.2,99,8.2,8.5,6,2.3,1
13,60,510,0,0,0,221.1,106,37.59,178.6,48,15.18,202.7,90,9.12,7.4,3,2.0,1
28,105,415,0,1,23,193.5,85,32.9,220.2,90,18.72,272.4,111,12.26,8.5,5,2.3,0
30,78,408,0,0,0,162.3,116,27.59,192.4,86,16.35,240.6,100,10.83,10.1,3,2.73,2
16,84,415,0,0,0,225.9,86,38.4,275.6,105,23.43,201.4,108,9.06,14.3,3,3.86,3
37,64,510,0,0,0,213.5,93,36.3,166.6,114,14.16,122.0,78,5.49,14.1,3,3.81,3
45,128,415,0,0,0,216.0,111,36.72,153.7,115,13.06,227.0,74,10.22,12.7,4,3.43,1
50,34,408,0,0,0,128.8,80,21.9,208.7,93,17.74,202.1,103,9.09,14.0,7,3.78,1
27,122,415,0,0,0,180.0,88,30.6,145.0,77,12.33,233.7,120,10.52,11.5,6,3.11,2
26,42,415,0,0,0,150.7,52,25.62,246.7,96,20.97,103.8,118,4.67,7.0,4,1.89,2
5,65,510,0,0,0,158.8,53,27.0,188.5,132,16.02,189.3,87,8.52,9.8,4,2.65,2
38,82,415,0,1,24,155.2,131,26.38,244.5,106,20.78,122.4,68,5.51,10.7,3,2.89,1
12,168,408,0,0,0,128.8,96,21.9,104.9,71,8.92,141.1,128,6.35,11.2,2,3.02,1
21,100,510,0,0,0,264.5,117,44.97,194.0,111,16.49,262.7,111,11.82,7.5,4,2.03,2
45,72,510,1,1,29,139.8,114,23.77,138.2,91,11.75,221.0,88,9.95,5.5,6,1.49,0
31,100,415,0,0,0,203.8,122,34.65,283.1,76,24.06,197.3,83,8.88,12.5,3,3.38,0
12,128,408,0,0,0,158.8,75,27.0,264.8,91,22.51,270.0,77,12.15,7.6,7,2.05,1
32,111,415,0,0,0,132.6,125,22.54,221.1,67,18.79,127.9,101,5.76,12.7,2,3.43,4
48,103,415,0,0,0,180.2,134,30.63,97.7,85,8.3,181.7,134,8.18,8.4,3,2.27,1
44,74,415,0,0,0,106.4,84,18.09,140.2,104,11.92,90.9,81,4.09,11.4,3,3.08,1
35,69,415,0,0,0,227.0,122,38.59,258.7,111,21.99,169.7,87,7.64,8.9,1,2.4,2
21,130,408,0,0,0,176.3,140,29.97,201.0,104,17.09,161.9,123,7.29,11.3,5,3.05,1
29,66,415,0,0,0,34.0,133,5.78,278.6,61,23.68,129.6,120,5.83,11.5,3,3.11,0
14,98,510,1,0,0,158.4,71,26.93,306.6,66,26.06,144.2,93,6.49,2.1,4,0.57,1
45,163,415,0,0,0,202.9,100,34.49,178.6,46,15.18,203.8,116,9.17,12.8,3,3.46,5
23,117,408,0,0,0,161.6,104,27.47,196.3,119,16.69,294.8,111,13.27,13.8,2,3.73,1
39,107,510,1,0,0,194.4,83,33.05,247.8,84,21.06,245.4,93,11.04,11.2,7,3.02,2
19,119,408,1,1,16,147.2,103,25.02,160.1,96,13.61,184.0,120,8.28,7.7,2,2.08,0
26,101,408,0,1,16,118.9,112,20.21,228.3,97,19.41,180.1,111,8.1,8.2,5,2.21,2
25,118,415,0,1,26,170.8,114,29.04,199.5,125,16.96,169.7,98,7.64,9.6,5,2.59,5
5,111,510,0,1,24,205.5,114,34.94,219.3,99,18.64,215.9,95,9.72,14.0,4,3.78,1
34,39,408,0,0,0,160.4,68,27.27,102.6,103,8.72,235.3,106,10.59,9.1,5,2.46,2
48,95,408,0,0,0,237.3,83,40.34,154.0,65,13.09,237.0,105,10.67,11.2,6,3.02,1
37,129,408,0,0,0,98.0,99,16.66,240.7,62,20.46,254.8,123,11.47,10.5,4,2.84,0
34,122,510,0,0,0,145.6,102,24.75,284.7,111,24.2,228.2,91,10.27,12.2,5,3.29,0
24,119,408,0,1,32,142.6,77,24.24,208.2,126,17.7,171.0,102,7.69,12.0,2,3.24,3
17,96,415,0,1,40,108.6,90,18.46,206.4,154,17.54,126.3,118,5.68,13.4,4,3.62,0
32,87,415,0,0,0,168.2,92,28.59,224.7,100,19.1,169.5,99,7.63,12.9,3,3.48,1
19,132,408,0,1,36,201.9,93,34.32,156.3,75,13.29,131.3,92,5.91,13.7,5,3.7,0
49,148,415,0,1,26,244.9,150,41.63,118.0,138,10.03,236.0,91,10.62,15.2,4,4.1,2
9,64,408,0,1,31,228.6,88,38.86,248.5,109,21.12,167.1,124,7.52,9.0,1,2.43,3
16,127,415,0,1,24,154.8,69,26.32,177.2,105,15.06,207.6,102,9.34,9.0,4,2.43,1
49,101,415,0,1,28,220.3,96,37.45,285.8,72,24.29,203.0,111,9.14,9.4,6,2.54,4
35,133,408,1,0,0,254.7,103,43.3,252.2,80,21.44,178.1,103,8.01,8.0,3,2.16,0
13,134,415,0,0,0,204.7,108,34.8,143.1,105,12.16,165.8,84,7.46,11.0,4,2.97,6
44,116,415,0,1,24,232.9,90,39.59,152.1,94,12.93,344.3,82,15.49,10.7,6,2.89,1
23,37,415,0,1,20,264.7,81,45.0,216.5,110,18.4,210.7,102,9.48,10.4,7,2.81,0
35,106,415,0,0,0,158.6,112,26.96,220.0,114,18.7,252.9,106,11.38,9.1,3,2.46,0
25,193,415,0,0,0,170.9,124,29.05,132.3,95,11.25,112.9,89,5.08,11.6,3,3.13,1
45,95,415,0,0,0,197.0,88,33.49,190.4,68,16.18,211.9,104,9.54,16.1,8,4.35,0
6,33,510,0,0,0,182.5,65,31.03,232.1,96,19.73,149.2,82,6.71,7.5,2,2.03,2
47,81,415,0,0,0,183.6,116,31.21,152.6,98,12.97,212.2,99,9.55,12.2,6,3.29,3
23,150,415,0,0,0,146.3,133,24.87,202.7,95,17.23,234.7,103,10.56,13.1,3,3.54,1
6,129,510,0,1,27,196.6,89,33.42,180.6,95,15.35,245.0,83,11.03,6.6,5,1.78,1
29,37,408,1,1,39,149.7,122,25.45,211.1,75,17.94,114.3,90,5.14,9.2,4,2.48,1
12,98,510,0,1,21,161.2,114,27.4,252.2,83,21.44,160.2,92,7.21,4.4,8,1.19,4
7,24,408,0,0,0,149.0,73,25.33,131.0,81,11.14,238.6,69,10.74,8.6,3,2.32,2
34,157,415,0,0,0,224.5,111,38.17,200.7,99,17.06,116.6,118,5.25,11.5,2,3.11,2
26,101,415,0,0,0,154.4,130,26.25,217.2,101,18.46,185.4,52,8.34,13.9,4,3.75,1
48,161,408,0,0,0,154.7,84,26.3,177.8,125,15.11,172.9,90,7.78,5.9,2,1.59,4
44,59,510,0,0,0,155.2,79,26.38,235.3,123,20.0,169.4,80,7.62,8.7,4,2.35,1
22,82,415,0,0,0,135.4,102,23.02,237.1,122,20.15,118.3,91,5.32,17.5,4,4.73,0
23,117,408,0,1,21,153.2,112,26.04,263.3,110,22.38,135.0,85,6.08,11.9,7,3.21,1
36,104,415,0,0,0,113.6,87,19.31,158.6,98,13.48,187.7,87,8.45,10.5,6,2.84,2
29,64,510,0,0,0,219.2,73,37.26,167.0,65,14.2,161.4,119,7.26,10.0,5,2.7,1
16,128,415,0,0,0,103.3,122,17.56,245.9,123,20.9,161.1,95,7.25,6.4,7,1.73,0
